RESPOND_ID,EXAMIN_BEGIN_DE,SEXDSTN_FLAG_CD,AGRDE_FLAG_NM,ANSWRR_OC_AREA_NM,HSHLD_INCOME_DGREE_NM,CLTUR_ART_VIEWNG_INTRST_DGREE_VALUE,CLTUR_ART_ACT_INTRST_DGREE_VALUE,SPORTS_VIEWNG_INTRST_DGREE_VALUE,SPORTS_ACT_INTRST_DGREE_VALUE,TURSM_TOUR_INTRST_DGREE_VALUE,RCRT_REST_INTRST_DGREE_VALUE,SELF_IMPT_SELF_MANAGE_INTRST_DGREE_VALUE,SCT_EXCHG_INTRST_DGREE_VALUE
197003,20231108,M,20대,서울특별시,300이상500만원 미만,비슷하다,매우 작아졌다,비슷하다,매우 작아졌다,매우 작아졌다,조금 작아졌다,조금 커졌다,조금 작아졌다
337589,20231108,M,20대,서울특별시,500이상700만원 미만,조금 커졌다,비슷하다,조금 커졌다,조금 커졌다,매우 커졌다,비슷하다,비슷하다,비슷하다
349700,20231108,M,20대,전라남도,700만원 이상,매우 커졌다,조금 커졌다,조금 커졌다,조금 작아졌다,조금 커졌다,매우 커졌다,조금 커졌다,비슷하다
366181,20231108,M,20대,서울특별시,500이상700만원 미만,비슷하다,비슷하다,매우 작아졌다,조금 커졌다,조금 커졌다,비슷하다,조금 커졌다,조금 커졌다
368740,20231108,M,20대,서울특별시,300이상500만원 미만,조금 커졌다,비슷하다,비슷하다,조금 커졌다,조금 커졌다,비슷하다,조금 커졌다,비슷하다
369464,20231108,M,20대,충청남도,300만원 미만,조금 커졌다,조금 작아졌다,조금 작아졌다,조금 작아졌다,매우 커졌다,조금 커졌다,조금 커졌다,조금 커졌다
369661,20231108,M,20대,경기도,300이상500만원 미만,비슷하다,조금 커졌다,비슷하다,비슷하다,비슷하다,조금 커졌다,조금 커졌다,비슷하다
381818,20231108,M,20대,전라북도,300이상500만원 미만,매우 커졌다,비슷하다,조금 커졌다,매우 커졌다,비슷하다,매우 커졌다,매우 커졌다,조금 커졌다
422095,20231108,M,20대,서울특별시,300이상500만원 미만,비슷하다,비슷하다,비슷하다,비슷하다,비슷하다,비슷하다,비슷하다,비슷하다
422345,20231108,M,20대,서울특별시,700만원 이상,비슷하다,비슷하다,조금 커졌다,조금 커졌다,조금 커졌다,매우 커졌다,매우 커졌다,비슷하다
425564,20231108,M,20대,대구광역시,300이상500만원 미만,비슷하다,비슷하다,비슷하다,비슷하다,비슷하다,비슷하다,비슷하다,비슷하다
426604,20231108,M,20대,대전광역시,500이상700만원 미만,비슷하다,비슷하다,비슷하다,비슷하다,조금 커졌다,비슷하다,조금 커졌다,비슷하다
429086,20231108,M,20대,대구광역시,700만원 이상,비슷하다,비슷하다,비슷하다,비슷하다,비슷하다,비슷하다,비슷하다,비슷하다
433486,20231108,M,20대,경기도,300이상500만원 미만,비슷하다,비슷하다,비슷하다,비슷하다,비슷하다,비슷하다,조금 커졌다,비슷하다
435483,20231108,M,20대,경기도,무응답,매우 커졌다,비슷하다,비슷하다,비슷하다,조금 커졌다,조금 커졌다,조금 커졌다,조금 커졌다
445957,20231108,M,20대,인천광역시,500이상700만원 미만,조금 커졌다,비슷하다,조금 커졌다,조금 작아졌다,비슷하다,조금 커졌다,조금 커졌다,조금 커졌다
446951,20231108,M,20대,대전광역시,300만원 미만,비슷하다,비슷하다,비슷하다,비슷하다,비슷하다,비슷하다,비슷하다,비슷하다
458943,20231108,M,20대,경기도,300만원 미만,조금 작아졌다,매우 작아졌다,조금 작아졌다,비슷하다,매우 작아졌다,매우 커졌다,조금 커졌다,조금 작아졌다
461535,20231108,M,20대,경기도,500이상700만원 미만,조금 작아졌다,조금 작아졌다,조금 작아졌다,조금 작아졌다,매우 작아졌다,조금 커졌다,매우 작아졌다,비슷하다
461986,20231108,M,20대,대전광역시,무응답,비슷하다,비슷하다,매우 커졌다,매우 커졌다,조금 커졌다,조금 커졌다,조금 커졌다,조금 커졌다
462061,20231108,M,20대,경기도,700만원 이상,조금 커졌다,매우 커졌다,조금 커졌다,매우 커졌다,매우 커졌다,조금 커졌다,조금 커졌다,조금 커졌다
463088,20231108,M,20대,서울특별시,700만원 이상,조금 커졌다,조금 커졌다,조금 커졌다,조금 커졌다,조금 커졌다,조금 커졌다,조금 커졌다,조금 커졌다
463998,20231108,M,20대,서울특별시,300이상500만원 미만,비슷하다,비슷하다,조금 작아졌다,매우 커졌다,매우 커졌다,비슷하다,조금 커졌다,조금 커졌다
464160,20231108,M,20대,부산광역시,300만원 미만,매우 커졌다,매우 커졌다,매우 커졌다,매우 커졌다,매우 커졌다,매우 커졌다,매우 커졌다,매우 커졌다
466726,20231108,M,20대,경기도,300이상500만원 미만,조금 커졌다,비슷하다,비슷하다,비슷하다,비슷하다,비슷하다,비슷하다,비슷하다
466952,20231108,M,20대,경기도,300이상500만원 미만,비슷하다,비슷하다,비슷하다,매우 커졌다,비슷하다,조금 커졌다,비슷하다,비슷하다
467666,20231108,M,20대,부산광역시,300만원 미만,조금 작아졌다,비슷하다,매우 작아졌다,매우 작아졌다,조금 커졌다,조금 커졌다,매우 작아졌다,매우 작아졌다
468266,20231108,M,20대,서울특별시,500이상700만원 미만,매우 커졌다,조금 커졌다,조금 커졌다,비슷하다,매우 커졌다,조금 커졌다,조금 커졌다,조금 커졌다
469561,20231108,M,20대,인천광역시,300만원 미만,비슷하다,비슷하다,조금 커졌다,조금 커졌다,비슷하다,비슷하다,비슷하다,비슷하다
469622,20231108,M,20대,경상북도,300이상500만원 미만,비슷하다,조금 작아졌다,매우 작아졌다,매우 작아졌다,조금 작아졌다,조금 커졌다,비슷하다,매우 작아졌다
469623,20231108,M,20대,충청북도,300이상500만원 미만,조금 작아졌다,매우 작아졌다,매우 커졌다,비슷하다,비슷하다,매우 커졌다,매우 작아졌다,매우 커졌다
469803,20231108,M,20대,서울특별시,500이상700만원 미만,조금 커졌다,비슷하다,조금 커졌다,조금 커졌다,조금 커졌다,매우 커졌다,조금 커졌다,비슷하다
469966,20231108,M,20대,서울특별시,300만원 미만,조금 커졌다,비슷하다,비슷하다,조금 커졌다,조금 커졌다,비슷하다,조금 커졌다,비슷하다
470161,20231108,M,20대,대전광역시,무응답,조금 커졌다,비슷하다,비슷하다,비슷하다,조금 커졌다,조금 작아졌다,조금 커졌다,비슷하다
470546,20231108,M,20대,전라북도,700만원 이상,비슷하다,비슷하다,비슷하다,비슷하다,비슷하다,비슷하다,비슷하다,비슷하다
471624,20231108,M,20대,인천광역시,무응답,비슷하다,비슷하다,비슷하다,비슷하다,비슷하다,비슷하다,비슷하다,비슷하다
471918,20231108,M,20대,경기도,500이상700만원 미만,비슷하다,비슷하다,비슷하다,비슷하다,조금 커졌다,비슷하다,조금 커졌다,비슷하다
472668,20231108,M,20대,충청북도,무응답,매우 커졌다,매우 커졌다,매우 커졌다,매우 커졌다,매우 커졌다,매우 커졌다,매우 커졌다,매우 커졌다
472879,20231108,M,20대,경기도,무응답,비슷하다,비슷하다,비슷하다,비슷하다,비슷하다,비슷하다,비슷하다,비슷하다
473026,20231108,M,20대,대전광역시,300만원 미만,비슷하다,조금 커졌다,조금 커졌다,비슷하다,비슷하다,비슷하다,조금 커졌다,조금 커졌다
473053,20231108,M,20대,서울특별시,300이상500만원 미만,조금 커졌다,매우 커졌다,조금 커졌다,조금 커졌다,매우 커졌다,매우 커졌다,조금 커졌다,조금 커졌다
53322175,20231108,F,20대,서울특별시,300이상500만원 미만,비슷하다,조금 커졌다,비슷하다,매우 커졌다,매우 커졌다,조금 작아졌다,매우 커졌다,조금 커졌다
53322248,20231108,M,30대,서울특별시,700만원 이상,조금 커졌다,비슷하다,비슷하다,조금 커졌다,조금 커졌다,조금 작아졌다,조금 커졌다,비슷하다
53322652,20231108,F,40대,경기도,300이상500만원 미만,매우 작아졌다,매우 작아졌다,매우 작아졌다,매우 작아졌다,비슷하다,비슷하다,비슷하다,비슷하다
53322657,20231108,M,60대,서울특별시,300만원 미만,조금 커졌다,조금 커졌다,비슷하다,비슷하다,비슷하다,비슷하다,조금 커졌다,비슷하다
53322726,20231108,F,40대,서울특별시,300만원 미만,비슷하다,비슷하다,비슷하다,비슷하다,비슷하다,비슷하다,비슷하다,비슷하다
53322735,20231108,M,40대,서울특별시,500이상700만원 미만,조금 커졌다,조금 작아졌다,비슷하다,조금 커졌다,조금 작아졌다,매우 커졌다,조금 커졌다,비슷하다
53322871,20231108,M,50대,서울특별시,700만원 이상,비슷하다,조금 작아졌다,조금 커졌다,조금 커졌다,비슷하다,비슷하다,비슷하다,조금 작아졌다
53323023,20231108,F,30대,서울특별시,300만원 미만,조금 커졌다,조금 커졌다,조금 커졌다,조금 커졌다,매우 커졌다,조금 커졌다,비슷하다,비슷하다
53323236,20231108,F,60대,서울특별시,500이상700만원 미만,비슷하다,조금 작아졌다,매우 커졌다,조금 작아졌다,비슷하다,비슷하다,비슷하다,조금 작아졌다
53323297,20231108,F,50대,서울특별시,700만원 이상,비슷하다,조금 작아졌다,비슷하다,조금 작아졌다,비슷하다,비슷하다,비슷하다,조금 작아졌다
53323353,20231108,F,60대,서울특별시,300이상500만원 미만,매우 작아졌다,매우 작아졌다,조금 작아졌다,조금 작아졌다,매우 작아졌다,조금 작아졌다,매우 작아졌다,비슷하다
53323442,20231108,F,60대,서울특별시,300이상500만원 미만,비슷하다,비슷하다,비슷하다,비슷하다,비슷하다,비슷하다,비슷하다,비슷하다
53323783,20231108,M,60대,서울특별시,500이상700만원 미만,조금 커졌다,비슷하다,비슷하다,비슷하다,비슷하다,비슷하다,조금 작아졌다,비슷하다
53323829,20231108,M,60대,서울특별시,700만원 이상,조금 커졌다,조금 작아졌다,조금 커졌다,조금 커졌다,조금 커졌다,비슷하다,조금 커졌다,비슷하다
53324006,20231108,M,60대,서울특별시,500이상700만원 미만,비슷하다,비슷하다,비슷하다,비슷하다,비슷하다,비슷하다,조금 커졌다,비슷하다
53324288,20231108,F,60대,서울특별시,300만원 미만,비슷하다,비슷하다,비슷하다,비슷하다,조금 작아졌다,비슷하다,비슷하다,비슷하다
53324319,20231108,F,20대,서울특별시,300만원 미만,조금 커졌다,조금 커졌다,조금 커졌다,조금 커졌다,조금 커졌다,조금 커졌다,조금 커졌다,비슷하다
53324439,20231108,F,30대,서울특별시,300이상500만원 미만,조금 작아졌다,조금 작아졌다,조금 작아졌다,비슷하다,조금 커졌다,조금 커졌다,조금 작아졌다,조금 작아졌다
53324445,20231108,F,30대,서울특별시,700만원 이상,매우 커졌다,매우 커졌다,비슷하다,조금 커졌다,매우 커졌다,조금 커졌다,조금 커졌다,조금 커졌다
53324674,20231108,M,40대,서울특별시,무응답,매우 작아졌다,매우 작아졌다,매우 작아졌다,비슷하다,조금 커졌다,조금 커졌다,비슷하다,조금 커졌다
53324944,20231108,F,40대,서울특별시,300이상500만원 미만,비슷하다,조금 커졌다,비슷하다,비슷하다,조금 커졌다,비슷하다,조금 커졌다,비슷하다
53325386,20231108,F,20대,서울특별시,700만원 이상,조금 커졌다,비슷하다,비슷하다,조금 커졌다,조금 커졌다,조금 커졌다,비슷하다,비슷하다
53325422,20231108,M,50대,경기도,300이상500만원 미만,비슷하다,비슷하다,비슷하다,비슷하다,비슷하다,조금 커졌다,비슷하다,매우 작아졌다
53325516,20231108,M,60대,인천광역시,700만원 이상,조금 커졌다,조금 커졌다,비슷하다,비슷하다,비슷하다,비슷하다,비슷하다,조금 커졌다
53325645,20231108,M,40대,서울특별시,700만원 이상,조금 작아졌다,비슷하다,비슷하다,조금 커졌다,비슷하다,비슷하다,비슷하다,비슷하다
53325697,20231108,F,30대,서울특별시,500이상700만원 미만,비슷하다,비슷하다,비슷하다,비슷하다,매우 작아졌다,조금 작아졌다,매우 작아졌다,조금 작아졌다
53325707,20231108,F,50대,부산광역시,300만원 미만,조금 작아졌다,조금 작아졌다,조금 커졌다,비슷하다,조금 커졌다,비슷하다,조금 작아졌다,비슷하다
53325882,20231108,M,40대,경기도,300이상500만원 미만,매우 작아졌다,매우 작아졌다,매우 작아졌다,비슷하다,비슷하다,매우 커졌다,비슷하다,매우 작아졌다
53326001,20231108,F,40대,강원도,무응답,조금 작아졌다,조금 작아졌다,조금 작아졌다,조금 작아졌다,조금 작아졌다,조금 작아졌다,조금 작아졌다,매우 작아졌다
53326291,20231108,F,30대,강원도,700만원 이상,조금 커졌다,비슷하다,매우 작아졌다,조금 작아졌다,조금 커졌다,매우 커졌다,매우 커졌다,비슷하다
53326330,20231108,M,40대,경기도,500이상700만원 미만,비슷하다,비슷하다,비슷하다,비슷하다,비슷하다,비슷하다,비슷하다,비슷하다
53326339,20231108,M,50대,경기도,300이상500만원 미만,조금 작아졌다,조금 작아졌다,비슷하다,조금 커졌다,비슷하다,비슷하다,조금 작아졌다,조금 커졌다
53326466,20231108,F,30대,부산광역시,700만원 이상,비슷하다,비슷하다,조금 커졌다,조금 커졌다,매우 커졌다,조금 커졌다,조금 커졌다,매우 커졌다
53326576,20231108,F,50대,경기도,700만원 이상,비슷하다,비슷하다,비슷하다,비슷하다,비슷하다,비슷하다,조금 작아졌다,매우 작아졌다
53327079,20231108,F,50대,대구광역시,300이상500만원 미만,비슷하다,비슷하다,비슷하다,조금 커졌다,조금 커졌다,조금 커졌다,비슷하다,조금 커졌다
53327332,20231108,M,30대,경상남도,300만원 미만,비슷하다,비슷하다,조금 커졌다,조금 커졌다,조금 커졌다,조금 커졌다,조금 커졌다,비슷하다
53327446,20231108,M,30대,대구광역시,300만원 미만,비슷하다,비슷하다,비슷하다,조금 커졌다,조금 커졌다,조금 커졌다,비슷하다,조금 커졌다
53327488,20231108,M,40대,경기도,700만원 이상,비슷하다,비슷하다,비슷하다,비슷하다,비슷하다,비슷하다,비슷하다,비슷하다
53327640,20231108,M,30대,충청남도,500이상700만원 미만,비슷하다,조금 작아졌다,조금 작아졌다,조금 작아졌다,비슷하다,비슷하다,조금 작아졌다,조금 작아졌다
53327738,20231108,F,30대,세종특별자치시,500이상700만원 미만,비슷하다,비슷하다,비슷하다,비슷하다,조금 커졌다,조금 커졌다,비슷하다,조금 작아졌다
53327774,20231108,F,60대,경상남도,300만원 미만,조금 커졌다,조금 작아졌다,조금 커졌다,비슷하다,비슷하다,조금 커졌다,조금 커졌다,비슷하다
53327873,20231108,F,40대,부산광역시,500이상700만원 미만,조금 커졌다,조금 커졌다,조금 커졌다,조금 커졌다,조금 커졌다,조금 커졌다,조금 커졌다,조금 커졌다
53327925,20231108,F,20대,경상남도,무응답,비슷하다,비슷하다,비슷하다,비슷하다,비슷하다,비슷하다,비슷하다,비슷하다
53328000,20231108,F,20대,전라남도,300이상500만원 미만,조금 작아졌다,조금 작아졌다,조금 작아졌다,조금 작아졌다,조금 커졌다,조금 커졌다,조금 커졌다,비슷하다
53328139,20231108,F,30대,경상남도,300만원 미만,조금 커졌다,비슷하다,비슷하다,조금 커졌다,비슷하다,비슷하다,조금 커졌다,비슷하다
53328298,20231108,M,30대,경상북도,300이상500만원 미만,조금 커졌다,비슷하다,비슷하다,조금 작아졌다,조금 작아졌다,비슷하다,비슷하다,비슷하다
53328474,20231108,M,40대,경기도,500이상700만원 미만,조금 커졌다,비슷하다,조금 커졌다,조금 커졌다,매우 커졌다,비슷하다,매우 커졌다,조금 커졌다
53328576,20231108,F,50대,경상남도,300이상500만원 미만,비슷하다,비슷하다,비슷하다,비슷하다,비슷하다,비슷하다,비슷하다,비슷하다
53328690,20231108,M,30대,경기도,500이상700만원 미만,비슷하다,비슷하다,비슷하다,비슷하다,비슷하다,비슷하다,비슷하다,비슷하다
53329095,20231108,F,30대,전라북도,300이상500만원 미만,조금 커졌다,조금 커졌다,비슷하다,비슷하다,조금 커졌다,조금 커졌다,비슷하다,조금 작아졌다
53329133,20231108,M,60대,경상북도,300만원 미만,조금 작아졌다,조금 작아졌다,비슷하다,조금 커졌다,조금 작아졌다,조금 커졌다,조금 커졌다,비슷하다
53329167,20231108,M,50대,제주특별자치도,700만원 이상,조금 커졌다,조금 커졌다,조금 작아졌다,조금 작아졌다,비슷하다,비슷하다,매우 커졌다,매우 작아졌다
53329261,20231108,F,20대,대구광역시,300만원 미만,비슷하다,비슷하다,비슷하다,비슷하다,매우 커졌다,조금 커졌다,조금 커졌다,조금 커졌다
53329284,20231108,F,30대,충청북도,700만원 이상,비슷하다,비슷하다,조금 작아졌다,조금 작아졌다,조금 커졌다,조금 커졌다,비슷하다,조금 작아졌다
53329630,20231108,M,30대,부산광역시,300이상500만원 미만,비슷하다,비슷하다,비슷하다,비슷하다,비슷하다,비슷하다,비슷하다,비슷하다
53329719,20231108,M,30대,전라북도,300이상500만원 미만,조금 작아졌다,조금 작아졌다,조금 작아졌다,조금 커졌다,조금 작아졌다,조금 커졌다,비슷하다,비슷하다
53329738,20231108,F,50대,경기도,700만원 이상,조금 작아졌다,조금 작아졌다,비슷하다,조금 작아졌다,조금 작아졌다,비슷하다,비슷하다,조금 커졌다
53329857,20231108,M,60대,충청북도,500이상700만원 미만,비슷하다,비슷하다,비슷하다,조금 작아졌다,조금 작아졌다,비슷하다,비슷하다,비슷하다
53329901,20231108,F,50대,광주광역시,300만원 미만,비슷하다,비슷하다,비슷하다,조금 커졌다,비슷하다,비슷하다,조금 커졌다,비슷하다
53330120,20231108,F,20대,대구광역시,500이상700만원 미만,비슷하다,비슷하다,비슷하다,조금 커졌다,조금 커졌다,조금 커졌다,조금 커졌다,비슷하다
53330387,20231108,M,30대,세종특별자치시,700만원 이상,비슷하다,조금 커졌다,비슷하다,조금 커졌다,조금 커졌다,조금 커졌다,매우 커졌다,조금 작아졌다
53330469,20231108,F,30대,경기도,300이상500만원 미만,비슷하다,매우 작아졌다,비슷하다,비슷하다,비슷하다,비슷하다,비슷하다,매우 작아졌다
53330843,20231108,M,40대,경기도,700만원 이상,조금 작아졌다,매우 작아졌다,조금 커졌다,조금 커졌다,비슷하다,매우 커졌다,조금 작아졌다,매우 작아졌다
53330873,20231108,M,40대,경상남도,300만원 미만,비슷하다,조금 작아졌다,비슷하다,조금 작아졌다,조금 작아졌다,비슷하다,조금 작아졌다,조금 작아졌다
53330877,20231108,M,40대,광주광역시,300이상500만원 미만,비슷하다,비슷하다,조금 커졌다,비슷하다,조금 커졌다,조금 커졌다,조금 커졌다,조금 커졌다
53330975,20231108,F,50대,부산광역시,700만원 이상,조금 커졌다,조금 커졌다,비슷하다,조금 커졌다,조금 커졌다,조금 커졌다,조금 커졌다,조금 커졌다
53331233,20231108,F,30대,경상남도,300만원 미만,조금 작아졌다,조금 커졌다,비슷하다,조금 커졌다,매우 커졌다,조금 커졌다,조금 커졌다,매우 작아졌다
53331313,20231108,M,60대,대전광역시,300만원 미만,비슷하다,비슷하다,비슷하다,비슷하다,비슷하다,비슷하다,비슷하다,비슷하다
53331371,20231108,M,20대,경기도,500이상700만원 미만,조금 작아졌다,비슷하다,조금 커졌다,비슷하다,비슷하다,비슷하다,비슷하다,비슷하다
53331938,20231108,M,40대,충청북도,500이상700만원 미만,비슷하다,비슷하다,비슷하다,비슷하다,비슷하다,비슷하다,비슷하다,비슷하다
53332004,20231108,F,50대,경상북도,700만원 이상,조금 작아졌다,비슷하다,비슷하다,조금 커졌다,비슷하다,비슷하다,비슷하다,조금 커졌다
53332100,20231108,F,60대,부산광역시,500이상700만원 미만,비슷하다,비슷하다,비슷하다,비슷하다,조금 커졌다,비슷하다,비슷하다,비슷하다
53332149,20231108,F,30대,부산광역시,300만원 미만,조금 작아졌다,조금 작아졌다,조금 작아졌다,조금 커졌다,조금 커졌다,조금 커졌다,비슷하다,비슷하다
53332197,20231108,F,60대,인천광역시,300이상500만원 미만,비슷하다,비슷하다,비슷하다,비슷하다,비슷하다,비슷하다,비슷하다,비슷하다
53332564,20231108,F,50대,경기도,500이상700만원 미만,조금 커졌다,비슷하다,조금 커졌다,조금 커졌다,비슷하다,비슷하다,비슷하다,비슷하다
53332589,20231108,M,50대,경기도,300이상500만원 미만,조금 작아졌다,조금 작아졌다,조금 작아졌다,조금 작아졌다,매우 작아졌다,비슷하다,비슷하다,조금 작아졌다
53332590,20231108,F,50대,경상북도,300이상500만원 미만,비슷하다,비슷하다,비슷하다,비슷하다,비슷하다,조금 커졌다,비슷하다,조금 커졌다
53332693,20231108,F,50대,인천광역시,300이상500만원 미만,조금 커졌다,조금 커졌다,비슷하다,조금 커졌다,조금 커졌다,조금 커졌다,조금 커졌다,조금 커졌다
53332723,20231108,F,50대,경기도,700만원 이상,비슷하다,매우 작아졌다,매우 작아졌다,매우 작아졌다,비슷하다,비슷하다,비슷하다,비슷하다
53332726,20231108,M,50대,경기도,300만원 미만,비슷하다,비슷하다,비슷하다,조금 커졌다,비슷하다,비슷하다,비슷하다,조금 커졌다
53332793,20231108,F,30대,강원도,300만원 미만,비슷하다,비슷하다,매우 작아졌다,조금 커졌다,비슷하다,매우 커졌다,비슷하다,매우 작아졌다
53332821,20231108,M,30대,부산광역시,500이상700만원 미만,조금 커졌다,조금 커졌다,조금 커졌다,매우 커졌다,조금 커졌다,비슷하다,조금 커졌다,조금 커졌다
53332832,20231108,F,40대,부산광역시,300이상500만원 미만,매우 커졌다,조금 커졌다,조금 커졌다,비슷하다,매우 커졌다,조금 커졌다,비슷하다,비슷하다
53332880,20231108,F,50대,울산광역시,300이상500만원 미만,비슷하다,조금 작아졌다,비슷하다,비슷하다,비슷하다,비슷하다,비슷하다,비슷하다
53333049,20231108,M,50대,경기도,500이상700만원 미만,조금 작아졌다,매우 작아졌다,비슷하다,조금 커졌다,조금 작아졌다,비슷하다,매우 작아졌다,매우 작아졌다
53333127,20231108,M,60대,경기도,300이상500만원 미만,비슷하다,비슷하다,비슷하다,비슷하다,비슷하다,비슷하다,비슷하다,비슷하다
53333386,20231108,F,30대,서울특별시,무응답,비슷하다,비슷하다,비슷하다,비슷하다,비슷하다,비슷하다,비슷하다,비슷하다
53333862,20231108,M,50대,경기도,700만원 이상,조금 커졌다,비슷하다,비슷하다,비슷하다,비슷하다,비슷하다,비슷하다,비슷하다
53333899,20231108,M,50대,인천광역시,700만원 이상,조금 커졌다,비슷하다,조금 커졌다,비슷하다,비슷하다,조금 커졌다,조금 커졌다,비슷하다
53334043,20231108,M,50대,충청남도,500이상700만원 미만,비슷하다,비슷하다,비슷하다,조금 커졌다,조금 커졌다,조금 커졌다,비슷하다,비슷하다
53334096,20231108,M,40대,전라남도,300이상500만원 미만,비슷하다,비슷하다,비슷하다,비슷하다,비슷하다,비슷하다,조금 작아졌다,비슷하다
53334128,20231108,F,40대,서울특별시,300이상500만원 미만,조금 작아졌다,조금 작아졌다,조금 작아졌다,조금 작아졌다,비슷하다,비슷하다,조금 작아졌다,조금 작아졌다
53334240,20231108,F,50대,경상북도,500이상700만원 미만,조금 작아졌다,비슷하다,비슷하다,비슷하다,조금 커졌다,조금 커졌다,비슷하다,조금 커졌다
53334510,20231108,M,50대,인천광역시,700만원 이상,비슷하다,비슷하다,비슷하다,비슷하다,비슷하다,비슷하다,비슷하다,비슷하다
53334644,20231108,F,30대,부산광역시,300만원 미만,조금 커졌다,조금 커졌다,비슷하다,비슷하다,조금 커졌다,조금 커졌다,조금 커졌다,조금 커졌다
53334789,20231108,F,50대,경기도,300만원 미만,비슷하다,조금 작아졌다,조금 작아졌다,비슷하다,비슷하다,매우 작아졌다,매우 커졌다,매우 작아졌다
53334861,20231108,F,30대,전라북도,300만원 미만,조금 작아졌다,조금 작아졌다,조금 커졌다,조금 커졌다,조금 커졌다,조금 커졌다,조금 커졌다,조금 작아졌다
53334962,20231108,F,30대,서울특별시,700만원 이상,조금 커졌다,조금 커졌다,조금 작아졌다,비슷하다,매우 커졌다,비슷하다,조금 커졌다,비슷하다
53335208,20231108,F,50대,경상북도,300이상500만원 미만,조금 커졌다,비슷하다,조금 커졌다,비슷하다,조금 커졌다,조금 커졌다,조금 커졌다,조금 커졌다
53335378,20231108,F,60대,전라북도,300만원 미만,매우 커졌다,조금 작아졌다,비슷하다,비슷하다,조금 커졌다,비슷하다,비슷하다,비슷하다
53335721,20231108,M,30대,경기도,300만원 미만,비슷하다,비슷하다,비슷하다,비슷하다,비슷하다,비슷하다,비슷하다,비슷하다
53335878,20231108,F,60대,경기도,700만원 이상,비슷하다,비슷하다,조금 커졌다,조금 커졌다,조금 커졌다,비슷하다,비슷하다,비슷하다
53335930,20231108,F,60대,경상남도,300만원 미만,조금 커졌다,조금 커졌다,비슷하다,조금 커졌다,비슷하다,조금 커졌다,비슷하다,비슷하다
53335984,20231108,M,50대,경기도,300만원 미만,조금 작아졌다,조금 작아졌다,비슷하다,비슷하다,조금 작아졌다,비슷하다,비슷하다,조금 작아졌다
53336063,20231108,F,40대,부산광역시,300만원 미만,비슷하다,비슷하다,비슷하다,비슷하다,비슷하다,비슷하다,비슷하다,비슷하다
53336107,20231108,M,60대,경기도,500이상700만원 미만,조금 작아졌다,조금 작아졌다,조금 커졌다,조금 커졌다,조금 커졌다,조금 작아졌다,조금 작아졌다,조금 커졌다
53336187,20231108,F,40대,강원도,300만원 미만,비슷하다,비슷하다,비슷하다,비슷하다,비슷하다,비슷하다,비슷하다,비슷하다
53336548,20231108,M,30대,서울특별시,300이상500만원 미만,조금 커졌다,비슷하다,비슷하다,비슷하다,조금 커졌다,조금 커졌다,조금 커졌다,비슷하다
53336844,20231108,M,40대,경상남도,500이상700만원 미만,비슷하다,비슷하다,비슷하다,조금 커졌다,매우 커졌다,매우 커졌다,조금 커졌다,조금 커졌다
53336954,20231108,F,60대,전라남도,300만원 미만,비슷하다,비슷하다,비슷하다,비슷하다,조금 커졌다,비슷하다,비슷하다,조금 커졌다
53337084,20231108,M,40대,서울특별시,500이상700만원 미만,비슷하다,비슷하다,비슷하다,비슷하다,조금 커졌다,비슷하다,조금 작아졌다,매우 작아졌다
53337128,20231108,F,40대,서울특별시,700만원 이상,조금 커졌다,조금 커졌다,비슷하다,조금 커졌다,조금 커졌다,조금 커졌다,조금 커졌다,비슷하다
53337129,20231108,M,50대,경기도,300만원 미만,매우 작아졌다,매우 작아졌다,매우 작아졌다,매우 작아졌다,매우 작아졌다,조금 커졌다,비슷하다,비슷하다
53337137,20231108,F,40대,울산광역시,300만원 미만,비슷하다,비슷하다,비슷하다,비슷하다,비슷하다,비슷하다,비슷하다,비슷하다
53337329,20231108,F,50대,대전광역시,300이상500만원 미만,조금 커졌다,비슷하다,비슷하다,조금 커졌다,매우 커졌다,비슷하다,비슷하다,조금 커졌다
53337455,20231108,F,60대,경기도,700만원 이상,비슷하다,비슷하다,비슷하다,비슷하다,조금 커졌다,비슷하다,조금 커졌다,비슷하다
53337471,20231108,F,20대,경기도,500이상700만원 미만,비슷하다,비슷하다,조금 커졌다,비슷하다,조금 커졌다,비슷하다,비슷하다,조금 작아졌다
53337537,20231108,F,50대,광주광역시,300이상500만원 미만,조금 작아졌다,조금 작아졌다,매우 작아졌다,매우 작아졌다,비슷하다,비슷하다,매우 작아졌다,비슷하다
53337570,20231108,F,40대,대전광역시,500이상700만원 미만,비슷하다,비슷하다,비슷하다,비슷하다,비슷하다,비슷하다,조금 커졌다,비슷하다
53337670,20231108,F,50대,경기도,500이상700만원 미만,조금 커졌다,조금 커졌다,비슷하다,비슷하다,조금 커졌다,조금 커졌다,조금 커졌다,조금 커졌다
53337707,20231108,F,20대,서울특별시,무응답,조금 작아졌다,비슷하다,비슷하다,비슷하다,조금 커졌다,비슷하다,조금 커졌다,비슷하다
53337897,20231108,M,30대,서울특별시,500이상700만원 미만,조금 커졌다,조금 커졌다,조금 커졌다,조금 커졌다,비슷하다,조금 커졌다,비슷하다,조금 커졌다
53337963,20231108,F,30대,광주광역시,300이상500만원 미만,조금 커졌다,비슷하다,조금 커졌다,비슷하다,조금 커졌다,조금 커졌다,조금 커졌다,비슷하다
53338063,20231108,F,60대,경기도,700만원 이상,비슷하다,조금 커졌다,비슷하다,조금 커졌다,조금 커졌다,비슷하다,비슷하다,비슷하다
53338121,20231108,M,60대,광주광역시,300이상500만원 미만,조금 커졌다,조금 커졌다,조금 커졌다,조금 커졌다,조금 커졌다,조금 커졌다,조금 커졌다,조금 커졌다
53338328,20231108,F,50대,전라북도,500이상700만원 미만,조금 커졌다,비슷하다,비슷하다,비슷하다,조금 커졌다,비슷하다,조금 작아졌다,조금 커졌다
53338445,20231108,F,30대,경상남도,700만원 이상,조금 작아졌다,조금 작아졌다,비슷하다,조금 커졌다,조금 커졌다,조금 커졌다,조금 커졌다,비슷하다
53338543,20231108,M,30대,경기도,300이상500만원 미만,조금 커졌다,비슷하다,비슷하다,조금 커졌다,조금 커졌다,조금 커졌다,조금 커졌다,조금 커졌다
53338636,20231108,F,50대,대전광역시,700만원 이상,비슷하다,비슷하다,조금 커졌다,조금 커졌다,비슷하다,비슷하다,조금 작아졌다,조금 커졌다
53338697,20231108,M,30대,경기도,700만원 이상,비슷하다,조금 작아졌다,비슷하다,비슷하다,비슷하다,비슷하다,비슷하다,비슷하다
53338870,20231108,M,30대,전라북도,300이상500만원 미만,조금 작아졌다,매우 작아졌다,조금 커졌다,매우 커졌다,매우 커졌다,조금 커졌다,비슷하다,매우 작아졌다
53338889,20231108,M,60대,경상북도,300이상500만원 미만,비슷하다,비슷하다,비슷하다,비슷하다,조금 작아졌다,비슷하다,조금 커졌다,조금 커졌다
53338924,20231108,F,40대,서울특별시,700만원 이상,비슷하다,조금 작아졌다,매우 작아졌다,조금 작아졌다,조금 커졌다,매우 작아졌다,비슷하다,조금 작아졌다
53338954,20231108,F,40대,강원도,300만원 미만,조금 커졌다,조금 커졌다,조금 커졌다,조금 커졌다,조금 커졌다,조금 커졌다,조금 커졌다,조금 커졌다
53338967,20231108,F,30대,대전광역시,700만원 이상,조금 커졌다,조금 커졌다,조금 커졌다,조금 커졌다,매우 커졌다,조금 커졌다,비슷하다,조금 커졌다
53338979,20231108,M,50대,서울특별시,300이상500만원 미만,비슷하다,비슷하다,비슷하다,비슷하다,비슷하다,비슷하다,비슷하다,비슷하다
53338992,20231108,M,50대,서울특별시,700만원 이상,조금 작아졌다,조금 작아졌다,비슷하다,비슷하다,조금 커졌다,조금 커졌다,비슷하다,비슷하다
53339221,20231108,F,50대,경기도,300이상500만원 미만,매우 작아졌다,매우 작아졌다,매우 작아졌다,매우 작아졌다,조금 작아졌다,비슷하다,비슷하다,조금 작아졌다
53339253,20231108,F,30대,대전광역시,300만원 미만,조금 커졌다,매우 커졌다,조금 작아졌다,비슷하다,조금 커졌다,비슷하다,조금 커졌다,매우 커졌다
53339319,20231108,F,60대,인천광역시,300만원 미만,비슷하다,비슷하다,비슷하다,비슷하다,조금 커졌다,조금 커졌다,비슷하다,조금 커졌다
53339347,20231108,M,50대,경기도,500이상700만원 미만,비슷하다,비슷하다,조금 작아졌다,조금 커졌다,비슷하다,비슷하다,비슷하다,비슷하다
53339489,20231108,M,40대,경기도,700만원 이상,비슷하다,비슷하다,비슷하다,비슷하다,비슷하다,비슷하다,비슷하다,비슷하다
53339674,20231108,M,50대,서울특별시,300이상500만원 미만,비슷하다,비슷하다,비슷하다,조금 커졌다,비슷하다,조금 커졌다,조금 커졌다,조금 작아졌다
53339844,20231108,M,50대,경기도,500이상700만원 미만,비슷하다,비슷하다,비슷하다,조금 작아졌다,비슷하다,조금 커졌다,조금 작아졌다,비슷하다
53339845,20231108,F,50대,경상남도,700만원 이상,비슷하다,매우 작아졌다,조금 작아졌다,조금 작아졌다,매우 커졌다,비슷하다,조금 작아졌다,비슷하다
53340027,20231108,F,50대,서울특별시,300만원 미만,조금 작아졌다,비슷하다,조금 작아졌다,조금 커졌다,매우 작아졌다,매우 작아졌다,비슷하다,비슷하다
53340305,20231108,F,20대,광주광역시,300만원 미만,조금 커졌다,비슷하다,조금 커졌다,조금 커졌다,비슷하다,조금 커졌다,비슷하다,조금 작아졌다
53340437,20231108,M,50대,경기도,500이상700만원 미만,조금 작아졌다,조금 작아졌다,조금 작아졌다,조금 작아졌다,조금 작아졌다,조금 작아졌다,조금 작아졌다,조금 작아졌다
53340534,20231108,F,50대,경기도,500이상700만원 미만,비슷하다,비슷하다,조금 커졌다,조금 커졌다,조금 커졌다,비슷하다,비슷하다,비슷하다
53340588,20231108,F,50대,경기도,500이상700만원 미만,비슷하다,조금 커졌다,조금 작아졌다,비슷하다,조금 작아졌다,조금 작아졌다,조금 작아졌다,비슷하다
53340644,20231108,M,50대,부산광역시,300이상500만원 미만,비슷하다,비슷하다,비슷하다,비슷하다,비슷하다,비슷하다,비슷하다,비슷하다
53340751,20231108,M,30대,경상북도,300만원 미만,매우 작아졌다,조금 작아졌다,매우 작아졌다,매우 작아졌다,조금 작아졌다,조금 작아졌다,조금 작아졌다,매우 작아졌다
53340827,20231108,M,30대,경상남도,300이상500만원 미만,조금 커졌다,조금 작아졌다,조금 커졌다,비슷하다,조금 커졌다,비슷하다,조금 커졌다,조금 작아졌다
53340870,20231108,M,40대,경기도,300만원 미만,비슷하다,비슷하다,조금 작아졌다,비슷하다,조금 작아졌다,조금 작아졌다,조금 작아졌다,비슷하다
53340895,20231108,F,60대,전라북도,300만원 미만,비슷하다,조금 작아졌다,조금 작아졌다,비슷하다,조금 커졌다,조금 작아졌다,비슷하다,조금 커졌다
53340918,20231108,F,40대,경기도,300만원 미만,비슷하다,비슷하다,비슷하다,비슷하다,비슷하다,비슷하다,매우 커졌다,비슷하다
53340971,20231108,M,30대,경기도,300이상500만원 미만,매우 작아졌다,매우 작아졌다,매우 작아졌다,조금 커졌다,조금 커졌다,비슷하다,조금 커졌다,매우 작아졌다
53341134,20231108,F,50대,충청남도,300만원 미만,비슷하다,비슷하다,조금 커졌다,조금 커졌다,조금 커졌다,조금 커졌다,조금 커졌다,조금 커졌다
53341160,20231108,M,60대,서울특별시,700만원 이상,조금 작아졌다,조금 작아졌다,조금 작아졌다,조금 커졌다,조금 커졌다,비슷하다,조금 작아졌다,조금 작아졌다
53341341,20231108,F,30대,전라남도,500이상700만원 미만,비슷하다,조금 작아졌다,매우 작아졌다,매우 작아졌다,조금 커졌다,조금 커졌다,조금 작아졌다,비슷하다
53341440,20231108,M,50대,경상북도,300이상500만원 미만,비슷하다,비슷하다,비슷하다,비슷하다,비슷하다,비슷하다,비슷하다,비슷하다
53341684,20231108,M,50대,부산광역시,300만원 미만,비슷하다,비슷하다,비슷하다,조금 작아졌다,조금 작아졌다,비슷하다,비슷하다,비슷하다
53341716,20231108,M,50대,경상남도,700만원 이상,조금 작아졌다,조금 작아졌다,조금 커졌다,조금 커졌다,조금 커졌다,비슷하다,비슷하다,조금 커졌다
53341865,20231108,M,20대,서울특별시,300만원 미만,비슷하다,비슷하다,조금 커졌다,조금 커졌다,비슷하다,비슷하다,조금 커졌다,비슷하다
53341910,20231108,F,50대,제주특별자치도,500이상700만원 미만,비슷하다,조금 작아졌다,비슷하다,조금 커졌다,조금 커졌다,비슷하다,비슷하다,비슷하다
53341913,20231108,F,40대,서울특별시,700만원 이상,비슷하다,비슷하다,비슷하다,조금 커졌다,조금 작아졌다,조금 커졌다,비슷하다,비슷하다
53342341,20231108,F,50대,대전광역시,700만원 이상,매우 커졌다,매우 커졌다,매우 커졌다,매우 커졌다,매우 커졌다,매우 커졌다,매우 커졌다,매우 커졌다
53342533,20231108,M,40대,서울특별시,300이상500만원 미만,조금 작아졌다,조금 작아졌다,조금 작아졌다,조금 작아졌다,비슷하다,조금 커졌다,조금 작아졌다,조금 작아졌다
53342541,20231108,M,50대,경기도,300만원 미만,비슷하다,비슷하다,비슷하다,조금 작아졌다,매우 작아졌다,비슷하다,비슷하다,매우 작아졌다
53342553,20231108,F,30대,경기도,300만원 미만,비슷하다,조금 작아졌다,조금 작아졌다,조금 작아졌다,비슷하다,비슷하다,조금 커졌다,조금 커졌다
53342562,20231108,M,50대,경상남도,300만원 미만,비슷하다,비슷하다,비슷하다,비슷하다,비슷하다,조금 작아졌다,비슷하다,비슷하다
53342590,20231108,M,60대,경상남도,300만원 미만,비슷하다,비슷하다,비슷하다,비슷하다,조금 작아졌다,조금 커졌다,비슷하다,조금 작아졌다
53342793,20231108,F,60대,서울특별시,300만원 미만,조금 커졌다,조금 커졌다,비슷하다,비슷하다,비슷하다,비슷하다,조금 커졌다,조금 커졌다
53342908,20231108,F,50대,경기도,700만원 이상,매우 커졌다,매우 커졌다,조금 커졌다,조금 커졌다,매우 커졌다,조금 커졌다,조금 커졌다,매우 커졌다
53342930,20231108,M,60대,광주광역시,300만원 미만,비슷하다,비슷하다,비슷하다,비슷하다,조금 작아졌다,비슷하다,비슷하다,비슷하다
53342984,20231108,F,30대,서울특별시,500이상700만원 미만,조금 작아졌다,조금 작아졌다,조금 커졌다,비슷하다,조금 커졌다,조금 커졌다,조금 작아졌다,조금 작아졌다
53342993,20231108,M,30대,경상북도,500이상700만원 미만,비슷하다,비슷하다,매우 작아졌다,비슷하다,매우 커졌다,비슷하다,비슷하다,조금 커졌다
53343070,20231108,F,20대,대구광역시,700만원 이상,매우 커졌다,조금 커졌다,비슷하다,매우 커졌다,매우 커졌다,조금 커졌다,매우 커졌다,비슷하다
53343194,20231108,F,30대,전라남도,300이상500만원 미만,비슷하다,비슷하다,비슷하다,비슷하다,조금 커졌다,비슷하다,조금 커졌다,조금 작아졌다
53343229,20231108,M,60대,광주광역시,300만원 미만,비슷하다,조금 작아졌다,비슷하다,비슷하다,조금 작아졌다,비슷하다,비슷하다,비슷하다
53343258,20231108,M,50대,강원도,300만원 미만,비슷하다,비슷하다,비슷하다,비슷하다,비슷하다,비슷하다,비슷하다,비슷하다
53343405,20231108,F,20대,대구광역시,700만원 이상,조금 작아졌다,조금 작아졌다,조금 작아졌다,조금 작아졌다,조금 커졌다,조금 커졌다,조금 커졌다,조금 커졌다
53343440,20231108,M,40대,세종특별자치시,300이상500만원 미만,조금 작아졌다,조금 작아졌다,조금 작아졌다,조금 작아졌다,조금 작아졌다,조금 작아졌다,조금 작아졌다,조금 작아졌다
53343449,20231108,M,20대,제주특별자치도,300만원 미만,비슷하다,비슷하다,비슷하다,비슷하다,비슷하다,비슷하다,비슷하다,비슷하다
53343561,20231108,M,60대,경기도,300이상500만원 미만,비슷하다,비슷하다,조금 커졌다,조금 커졌다,조금 커졌다,조금 커졌다,비슷하다,비슷하다
53343659,20231108,M,30대,전라북도,무응답,비슷하다,비슷하다,비슷하다,비슷하다,비슷하다,비슷하다,비슷하다,비슷하다
53343901,20231108,M,40대,경기도,300이상500만원 미만,비슷하다,비슷하다,조금 작아졌다,조금 작아졌다,매우 작아졌다,조금 커졌다,조금 커졌다,매우 작아졌다
53343984,20231108,M,30대,서울특별시,무응답,비슷하다,비슷하다,비슷하다,비슷하다,비슷하다,비슷하다,비슷하다,비슷하다
53344034,20231108,M,60대,강원도,300만원 미만,비슷하다,비슷하다,비슷하다,조금 커졌다,조금 커졌다,비슷하다,비슷하다,비슷하다
53344082,20231108,M,40대,부산광역시,700만원 이상,조금 커졌다,조금 커졌다,비슷하다,조금 커졌다,매우 커졌다,비슷하다,조금 커졌다,조금 커졌다
53344138,20231108,F,30대,경상북도,500이상700만원 미만,조금 커졌다,비슷하다,조금 작아졌다,조금 커졌다,매우 커졌다,매우 커졌다,조금 작아졌다,매우 작아졌다
53344199,20231108,M,50대,충청남도,500이상700만원 미만,비슷하다,비슷하다,비슷하다,조금 커졌다,비슷하다,비슷하다,조금 작아졌다,조금 작아졌다
53344203,20231108,M,60대,경기도,500이상700만원 미만,비슷하다,비슷하다,비슷하다,비슷하다,매우 커졌다,비슷하다,조금 커졌다,매우 커졌다
53344207,20231108,F,30대,울산광역시,300이상500만원 미만,비슷하다,비슷하다,비슷하다,비슷하다,비슷하다,비슷하다,비슷하다,비슷하다
53344413,20231108,M,60대,경기도,300이상500만원 미만,조금 커졌다,조금 커졌다,비슷하다,조금 커졌다,비슷하다,조금 커졌다,조금 커졌다,조금 커졌다
53344538,20231108,M,50대,충청남도,700만원 이상,비슷하다,비슷하다,비슷하다,비슷하다,비슷하다,조금 커졌다,조금 커졌다,비슷하다
53344808,20231108,M,50대,서울특별시,700만원 이상,조금 커졌다,비슷하다,매우 커졌다,조금 커졌다,조금 커졌다,조금 커졌다,조금 커졌다,조금 커졌다
53344867,20231108,F,40대,경기도,500이상700만원 미만,비슷하다,비슷하다,비슷하다,비슷하다,비슷하다,비슷하다,조금 작아졌다,비슷하다
53344884,20231108,M,60대,서울특별시,300만원 미만,조금 작아졌다,비슷하다,비슷하다,조금 작아졌다,비슷하다,조금 작아졌다,비슷하다,조금 작아졌다
53344991,20231108,F,30대,서울특별시,300만원 미만,조금 작아졌다,조금 작아졌다,조금 작아졌다,비슷하다,조금 작아졌다,조금 커졌다,조금 작아졌다,조금 작아졌다
53345019,20231108,F,50대,강원도,500이상700만원 미만,조금 커졌다,조금 커졌다,조금 커졌다,조금 커졌다,조금 커졌다,비슷하다,조금 커졌다,비슷하다
53345297,20231108,M,30대,경기도,300이상500만원 미만,비슷하다,비슷하다,조금 작아졌다,조금 작아졌다,비슷하다,비슷하다,비슷하다,조금 작아졌다
53345405,20231108,M,50대,인천광역시,300만원 미만,조금 커졌다,조금 커졌다,조금 커졌다,조금 커졌다,조금 커졌다,조금 커졌다,조금 커졌다,조금 커졌다
53345432,20231108,M,30대,경기도,300이상500만원 미만,조금 작아졌다,조금 작아졌다,조금 커졌다,조금 커졌다,조금 작아졌다,비슷하다,비슷하다,조금 작아졌다
53345543,20231108,F,60대,경기도,700만원 이상,비슷하다,비슷하다,비슷하다,조금 커졌다,조금 커졌다,조금 커졌다,비슷하다,비슷하다
53345647,20231108,M,40대,전라남도,700만원 이상,조금 작아졌다,조금 작아졌다,비슷하다,비슷하다,조금 작아졌다,비슷하다,조금 커졌다,비슷하다
53345764,20231108,M,30대,인천광역시,300이상500만원 미만,매우 작아졌다,매우 작아졌다,조금 작아졌다,매우 작아졌다,비슷하다,비슷하다,매우 작아졌다,매우 작아졌다
53345850,20231108,F,50대,부산광역시,700만원 이상,비슷하다,조금 작아졌다,비슷하다,조금 작아졌다,비슷하다,조금 작아졌다,비슷하다,비슷하다
53345928,20231108,F,60대,서울특별시,300이상500만원 미만,비슷하다,비슷하다,비슷하다,조금 커졌다,조금 커졌다,조금 작아졌다,조금 작아졌다,조금 작아졌다
53346123,20231108,F,50대,인천광역시,300이상500만원 미만,조금 커졌다,조금 커졌다,조금 커졌다,조금 커졌다,조금 커졌다,조금 커졌다,조금 커졌다,조금 커졌다
53346241,20231108,M,50대,경기도,300만원 미만,비슷하다,조금 작아졌다,조금 작아졌다,비슷하다,비슷하다,비슷하다,비슷하다,조금 작아졌다
53346545,20231108,M,30대,제주특별자치도,300이상500만원 미만,조금 커졌다,조금 커졌다,조금 커졌다,조금 커졌다,비슷하다,조금 커졌다,비슷하다,비슷하다
53346693,20231108,M,30대,충청북도,700만원 이상,조금 커졌다,매우 커졌다,조금 작아졌다,조금 커졌다,매우 커졌다,매우 커졌다,조금 작아졌다,비슷하다
53346725,20231108,F,30대,경기도,무응답,매우 커졌다,매우 커졌다,매우 작아졌다,매우 작아졌다,매우 커졌다,비슷하다,매우 커졌다,비슷하다
53346883,20231108,F,50대,경상북도,300이상500만원 미만,비슷하다,비슷하다,비슷하다,비슷하다,조금 작아졌다,비슷하다,비슷하다,비슷하다
53346975,20231108,F,50대,경기도,700만원 이상,조금 작아졌다,조금 작아졌다,조금 작아졌다,조금 작아졌다,조금 작아졌다,비슷하다,비슷하다,조금 작아졌다
53346997,20231108,F,40대,전라남도,500이상700만원 미만,조금 작아졌다,조금 작아졌다,조금 작아졌다,조금 작아졌다,조금 작아졌다,비슷하다,조금 작아졌다,조금 작아졌다
53347007,20231108,F,50대,대구광역시,300만원 미만,조금 커졌다,조금 작아졌다,조금 작아졌다,조금 커졌다,매우 커졌다,조금 커졌다,조금 작아졌다,매우 작아졌다
53347123,20231108,M,30대,충청북도,300이상500만원 미만,비슷하다,조금 커졌다,비슷하다,비슷하다,비슷하다,비슷하다,비슷하다,조금 작아졌다
53347124,20231108,M,30대,부산광역시,300만원 미만,비슷하다,비슷하다,조금 작아졌다,비슷하다,비슷하다,비슷하다,비슷하다,비슷하다
53347238,20231108,M,50대,충청북도,300만원 미만,비슷하다,비슷하다,비슷하다,비슷하다,조금 커졌다,비슷하다,비슷하다,비슷하다
53347390,20231108,F,50대,울산광역시,300이상500만원 미만,비슷하다,비슷하다,비슷하다,비슷하다,비슷하다,비슷하다,비슷하다,조금 커졌다
53347396,20231108,M,40대,경기도,700만원 이상,조금 커졌다,비슷하다,조금 커졌다,비슷하다,조금 커졌다,조금 커졌다,비슷하다,조금 커졌다
53347477,20231108,F,30대,대구광역시,500이상700만원 미만,비슷하다,비슷하다,비슷하다,조금 커졌다,비슷하다,비슷하다,비슷하다,조금 작아졌다
53347863,20231108,F,40대,서울특별시,700만원 이상,조금 커졌다,매우 커졌다,조금 작아졌다,조금 작아졌다,조금 커졌다,매우 커졌다,비슷하다,비슷하다
53347880,20231108,M,40대,제주특별자치도,500이상700만원 미만,비슷하다,비슷하다,비슷하다,비슷하다,비슷하다,비슷하다,비슷하다,비슷하다
53347881,20231108,F,20대,서울특별시,500이상700만원 미만,조금 커졌다,비슷하다,조금 작아졌다,비슷하다,비슷하다,조금 커졌다,조금 커졌다,조금 커졌다
53347884,20231108,F,60대,서울특별시,500이상700만원 미만,조금 커졌다,조금 커졌다,비슷하다,조금 커졌다,조금 커졌다,비슷하다,비슷하다,비슷하다
53347968,20231108,M,50대,부산광역시,300만원 미만,매우 작아졌다,매우 작아졌다,조금 작아졌다,조금 작아졌다,매우 작아졌다,매우 작아졌다,매우 작아졌다,조금 작아졌다
53347981,20231108,M,30대,부산광역시,700만원 이상,비슷하다,비슷하다,비슷하다,비슷하다,비슷하다,비슷하다,비슷하다,비슷하다
53348015,20231108,F,40대,경기도,300만원 미만,조금 커졌다,조금 커졌다,비슷하다,조금 커졌다,조금 커졌다,비슷하다,조금 커졌다,조금 작아졌다
53348215,20231108,F,40대,서울특별시,700만원 이상,조금 작아졌다,조금 작아졌다,조금 작아졌다,조금 작아졌다,비슷하다,조금 커졌다,비슷하다,비슷하다
53348221,20231108,F,30대,대구광역시,무응답,조금 커졌다,비슷하다,비슷하다,비슷하다,조금 커졌다,조금 커졌다,조금 커졌다,비슷하다
53348253,20231108,F,60대,경상북도,500이상700만원 미만,비슷하다,비슷하다,비슷하다,비슷하다,조금 커졌다,비슷하다,비슷하다,비슷하다
53348358,20231108,F,20대,부산광역시,무응답,비슷하다,조금 작아졌다,매우 작아졌다,조금 커졌다,매우 커졌다,비슷하다,비슷하다,매우 작아졌다
53348419,20231108,F,30대,경기도,300이상500만원 미만,비슷하다,조금 작아졌다,조금 작아졌다,매우 커졌다,매우 커졌다,조금 커졌다,매우 커졌다,조금 커졌다
53348555,20231108,F,40대,서울특별시,500이상700만원 미만,조금 커졌다,조금 커졌다,비슷하다,조금 커졌다,조금 커졌다,조금 커졌다,조금 커졌다,조금 커졌다
53348559,20231108,M,40대,서울특별시,300이상500만원 미만,매우 커졌다,매우 커졌다,조금 커졌다,비슷하다,조금 커졌다,조금 커졌다,매우 커졌다,매우 작아졌다
53348890,20231108,F,20대,서울특별시,300이상500만원 미만,조금 작아졌다,비슷하다,조금 작아졌다,조금 커졌다,조금 커졌다,비슷하다,매우 커졌다,조금 작아졌다
53348946,20231108,M,50대,경상남도,300이상500만원 미만,비슷하다,비슷하다,비슷하다,비슷하다,조금 커졌다,비슷하다,조금 커졌다,조금 작아졌다
53349009,20231108,F,50대,서울특별시,700만원 이상,비슷하다,비슷하다,비슷하다,조금 작아졌다,조금 커졌다,비슷하다,비슷하다,조금 커졌다
53349024,20231108,M,40대,경상남도,300만원 미만,비슷하다,비슷하다,비슷하다,비슷하다,조금 커졌다,비슷하다,비슷하다,비슷하다
53349132,20231108,M,60대,전라북도,300만원 미만,비슷하다,조금 작아졌다,조금 작아졌다,비슷하다,비슷하다,조금 작아졌다,조금 작아졌다,비슷하다
53349211,20231108,F,50대,충청북도,300이상500만원 미만,조금 작아졌다,매우 작아졌다,조금 작아졌다,매우 작아졌다,비슷하다,조금 작아졌다,조금 작아졌다,매우 작아졌다
53349218,20231108,F,20대,서울특별시,무응답,비슷하다,조금 작아졌다,비슷하다,조금 커졌다,조금 작아졌다,조금 커졌다,매우 커졌다,매우 작아졌다
53349538,20231108,F,50대,경상남도,300만원 미만,매우 작아졌다,매우 작아졌다,매우 작아졌다,매우 작아졌다,매우 작아졌다,조금 작아졌다,조금 작아졌다,매우 작아졌다
53349618,20231108,M,40대,대구광역시,300이상500만원 미만,비슷하다,비슷하다,비슷하다,비슷하다,조금 커졌다,비슷하다,조금 커졌다,조금 커졌다
53349707,20231108,F,30대,대구광역시,700만원 이상,조금 작아졌다,조금 작아졌다,조금 작아졌다,비슷하다,매우 커졌다,비슷하다,조금 커졌다,비슷하다
53349747,20231108,F,40대,인천광역시,300만원 미만,조금 커졌다,비슷하다,매우 작아졌다,조금 작아졌다,조금 커졌다,조금 커졌다,조금 커졌다,비슷하다
53349835,20231108,F,40대,전라북도,700만원 이상,비슷하다,비슷하다,비슷하다,비슷하다,비슷하다,비슷하다,비슷하다,비슷하다
53349848,20231108,M,60대,부산광역시,300만원 미만,조금 작아졌다,조금 작아졌다,조금 작아졌다,조금 커졌다,조금 커졌다,조금 커졌다,비슷하다,비슷하다
53349943,20231108,F,50대,서울특별시,700만원 이상,비슷하다,비슷하다,비슷하다,매우 커졌다,조금 커졌다,조금 커졌다,비슷하다,조금 커졌다
53350111,20231108,F,20대,광주광역시,무응답,비슷하다,비슷하다,비슷하다,비슷하다,조금 커졌다,조금 커졌다,비슷하다,조금 작아졌다
53350174,20231108,M,30대,부산광역시,300이상500만원 미만,매우 작아졌다,매우 작아졌다,비슷하다,조금 작아졌다,조금 커졌다,비슷하다,비슷하다,비슷하다
53350352,20231108,M,30대,울산광역시,700만원 이상,비슷하다,비슷하다,비슷하다,비슷하다,비슷하다,비슷하다,비슷하다,비슷하다
53350400,20231108,M,40대,경기도,300이상500만원 미만,조금 커졌다,비슷하다,비슷하다,비슷하다,비슷하다,조금 커졌다,조금 커졌다,비슷하다
53350434,20231108,F,60대,대구광역시,300만원 미만,비슷하다,비슷하다,비슷하다,조금 작아졌다,조금 작아졌다,비슷하다,조금 작아졌다,조금 커졌다
53350446,20231108,F,60대,경상남도,300이상500만원 미만,비슷하다,조금 작아졌다,비슷하다,조금 작아졌다,비슷하다,비슷하다,조금 작아졌다,비슷하다
53350649,20231108,F,60대,서울특별시,300이상500만원 미만,비슷하다,비슷하다,비슷하다,조금 커졌다,비슷하다,조금 커졌다,비슷하다,조금 커졌다
53350791,20231108,M,60대,충청남도,500이상700만원 미만,조금 커졌다,조금 커졌다,비슷하다,비슷하다,비슷하다,조금 작아졌다,조금 작아졌다,비슷하다
53350797,20231108,M,30대,경기도,700만원 이상,조금 커졌다,조금 커졌다,비슷하다,비슷하다,매우 커졌다,조금 커졌다,비슷하다,조금 커졌다
53351557,20231108,M,60대,충청북도,300만원 미만,비슷하다,비슷하다,조금 작아졌다,조금 작아졌다,비슷하다,비슷하다,비슷하다,조금 커졌다
53351616,20231108,M,60대,경기도,300만원 미만,비슷하다,비슷하다,비슷하다,비슷하다,비슷하다,비슷하다,비슷하다,비슷하다
53351675,20231108,F,60대,대전광역시,300만원 미만,조금 커졌다,조금 커졌다,비슷하다,비슷하다,조금 커졌다,비슷하다,조금 커졌다,비슷하다
53351759,20231108,F,40대,강원도,500이상700만원 미만,비슷하다,비슷하다,비슷하다,비슷하다,조금 커졌다,비슷하다,비슷하다,비슷하다
53351891,20231108,F,60대,경기도,300만원 미만,비슷하다,비슷하다,조금 작아졌다,조금 작아졌다,비슷하다,조금 커졌다,조금 커졌다,비슷하다
53351893,20231108,F,60대,전라북도,300만원 미만,조금 커졌다,조금 커졌다,비슷하다,비슷하다,조금 커졌다,비슷하다,비슷하다,비슷하다
53351971,20231108,M,30대,울산광역시,300이상500만원 미만,조금 작아졌다,매우 작아졌다,조금 작아졌다,조금 작아졌다,조금 작아졌다,조금 작아졌다,매우 작아졌다,조금 커졌다
53352074,20231108,M,60대,경기도,500이상700만원 미만,조금 작아졌다,비슷하다,조금 커졌다,조금 커졌다,조금 커졌다,비슷하다,매우 작아졌다,비슷하다
53352129,20231108,F,50대,전라북도,700만원 이상,비슷하다,비슷하다,비슷하다,조금 커졌다,조금 커졌다,조금 커졌다,비슷하다,비슷하다
53352233,20231108,M,30대,서울특별시,700만원 이상,조금 커졌다,조금 커졌다,조금 커졌다,비슷하다,매우 커졌다,조금 커졌다,조금 커졌다,비슷하다
53352431,20231108,M,40대,인천광역시,700만원 이상,비슷하다,비슷하다,비슷하다,조금 작아졌다,조금 커졌다,조금 커졌다,비슷하다,조금 커졌다
53352561,20231108,F,40대,경상북도,300만원 미만,비슷하다,비슷하다,비슷하다,비슷하다,비슷하다,비슷하다,비슷하다,비슷하다
53352624,20231108,F,60대,경기도,300만원 미만,조금 커졌다,비슷하다,조금 커졌다,조금 커졌다,조금 커졌다,조금 커졌다,비슷하다,조금 커졌다
53352672,20231108,F,60대,대전광역시,300만원 미만,조금 커졌다,조금 커졌다,조금 커졌다,조금 커졌다,매우 커졌다,조금 커졌다,조금 커졌다,조금 커졌다
53352733,20231108,F,20대,부산광역시,700만원 이상,조금 커졌다,조금 커졌다,조금 커졌다,조금 커졌다,조금 커졌다,조금 커졌다,조금 작아졌다,조금 커졌다
53353138,20231108,F,40대,대구광역시,300만원 미만,매우 작아졌다,매우 작아졌다,매우 작아졌다,매우 작아졌다,조금 커졌다,조금 작아졌다,매우 작아졌다,비슷하다
53353172,20231108,M,60대,인천광역시,700만원 이상,비슷하다,조금 작아졌다,조금 작아졌다,조금 작아졌다,조금 커졌다,비슷하다,조금 작아졌다,비슷하다
53353196,20231108,F,40대,서울특별시,700만원 이상,매우 작아졌다,조금 작아졌다,비슷하다,매우 커졌다,비슷하다,비슷하다,비슷하다,비슷하다
53353502,20231108,M,30대,경기도,300이상500만원 미만,비슷하다,비슷하다,비슷하다,비슷하다,비슷하다,비슷하다,비슷하다,비슷하다
53353566,20231108,M,30대,경기도,700만원 이상,비슷하다,조금 커졌다,비슷하다,조금 커졌다,조금 커졌다,조금 커졌다,비슷하다,비슷하다
53353594,20231108,M,50대,세종특별자치시,300이상500만원 미만,비슷하다,조금 커졌다,조금 커졌다,조금 커졌다,매우 커졌다,비슷하다,조금 커졌다,비슷하다
53353677,20231108,M,50대,부산광역시,300만원 미만,매우 작아졌다,매우 작아졌다,매우 작아졌다,매우 작아졌다,조금 작아졌다,조금 작아졌다,매우 작아졌다,조금 작아졌다
53353820,20231108,M,60대,경기도,500이상700만원 미만,조금 커졌다,조금 커졌다,비슷하다,조금 커졌다,조금 커졌다,비슷하다,조금 커졌다,비슷하다
53353826,20231108,M,40대,경기도,300이상500만원 미만,비슷하다,비슷하다,조금 커졌다,비슷하다,비슷하다,조금 커졌다,비슷하다,비슷하다
53353925,20231108,F,40대,경기도,300이상500만원 미만,비슷하다,비슷하다,비슷하다,비슷하다,비슷하다,비슷하다,비슷하다,비슷하다
53354097,20231108,F,40대,경기도,700만원 이상,조금 커졌다,비슷하다,조금 커졌다,조금 커졌다,매우 커졌다,조금 커졌다,조금 커졌다,비슷하다
53354165,20231108,M,60대,대구광역시,300이상500만원 미만,비슷하다,비슷하다,조금 커졌다,비슷하다,비슷하다,비슷하다,비슷하다,비슷하다
53354258,20231108,F,30대,부산광역시,700만원 이상,비슷하다,비슷하다,비슷하다,비슷하다,조금 커졌다,조금 커졌다,조금 커졌다,조금 커졌다
53354316,20231108,F,50대,대구광역시,500이상700만원 미만,매우 작아졌다,매우 작아졌다,매우 작아졌다,매우 작아졌다,비슷하다,매우 커졌다,비슷하다,비슷하다
53354641,20231108,F,30대,경기도,300이상500만원 미만,매우 작아졌다,매우 작아졌다,매우 작아졌다,조금 작아졌다,조금 커졌다,비슷하다,조금 작아졌다,조금 작아졌다
53354910,20231108,F,30대,인천광역시,700만원 이상,조금 커졌다,조금 커졌다,비슷하다,조금 커졌다,비슷하다,조금 커졌다,조금 작아졌다,매우 작아졌다
53354957,20231108,F,40대,경상남도,700만원 이상,조금 작아졌다,조금 작아졌다,비슷하다,비슷하다,비슷하다,비슷하다,비슷하다,비슷하다
53355165,20231108,F,20대,부산광역시,300이상500만원 미만,비슷하다,비슷하다,조금 커졌다,비슷하다,조금 커졌다,비슷하다,비슷하다,비슷하다
53355274,20231108,M,50대,경기도,500이상700만원 미만,비슷하다,매우 작아졌다,매우 작아졌다,비슷하다,매우 작아졌다,비슷하다,매우 작아졌다,비슷하다
53355342,20231108,F,20대,서울특별시,무응답,비슷하다,비슷하다,비슷하다,비슷하다,조금 커졌다,비슷하다,조금 커졌다,조금 커졌다
53355399,20231108,F,20대,서울특별시,무응답,비슷하다,비슷하다,조금 커졌다,조금 커졌다,조금 커졌다,조금 커졌다,조금 커졌다,조금 커졌다
53355619,20231108,M,60대,세종특별자치시,700만원 이상,비슷하다,비슷하다,조금 작아졌다,조금 커졌다,조금 커졌다,비슷하다,매우 작아졌다,매우 작아졌다
53355880,20231108,F,50대,세종특별자치시,700만원 이상,비슷하다,비슷하다,비슷하다,비슷하다,비슷하다,비슷하다,비슷하다,비슷하다
53355917,20231108,M,40대,경상남도,300만원 미만,조금 커졌다,조금 커졌다,비슷하다,비슷하다,비슷하다,조금 커졌다,조금 커졌다,조금 커졌다
53355977,20231108,F,50대,부산광역시,300이상500만원 미만,조금 작아졌다,조금 작아졌다,비슷하다,조금 커졌다,매우 작아졌다,조금 커졌다,매우 작아졌다,비슷하다
53356064,20231108,M,50대,전라북도,300이상500만원 미만,비슷하다,조금 작아졌다,비슷하다,조금 커졌다,매우 커졌다,비슷하다,매우 작아졌다,조금 작아졌다
53356228,20231108,F,40대,경기도,500이상700만원 미만,조금 커졌다,비슷하다,조금 커졌다,비슷하다,조금 커졌다,비슷하다,비슷하다,비슷하다
53356266,20231108,F,40대,충청북도,300이상500만원 미만,비슷하다,조금 커졌다,비슷하다,조금 커졌다,조금 커졌다,조금 커졌다,조금 커졌다,조금 커졌다
53356370,20231108,F,40대,광주광역시,300이상500만원 미만,조금 작아졌다,비슷하다,비슷하다,조금 커졌다,조금 커졌다,비슷하다,조금 커졌다,조금 커졌다
53356701,20231108,F,40대,충청남도,300이상500만원 미만,조금 커졌다,조금 커졌다,비슷하다,비슷하다,조금 커졌다,비슷하다,비슷하다,조금 커졌다
53356758,20231108,M,50대,경기도,300이상500만원 미만,비슷하다,비슷하다,비슷하다,조금 커졌다,비슷하다,비슷하다,조금 커졌다,조금 커졌다
53356844,20231108,M,40대,서울특별시,700만원 이상,비슷하다,비슷하다,조금 커졌다,비슷하다,조금 커졌다,조금 커졌다,비슷하다,비슷하다
53356881,20231108,F,50대,부산광역시,300이상500만원 미만,비슷하다,비슷하다,비슷하다,비슷하다,비슷하다,비슷하다,비슷하다,조금 커졌다
53356975,20231108,M,40대,인천광역시,300이상500만원 미만,비슷하다,조금 작아졌다,비슷하다,비슷하다,비슷하다,비슷하다,조금 커졌다,조금 작아졌다
53356992,20231108,M,40대,경기도,300이상500만원 미만,조금 커졌다,비슷하다,비슷하다,비슷하다,조금 커졌다,비슷하다,비슷하다,매우 작아졌다
53357072,20231108,F,20대,경기도,300만원 미만,비슷하다,비슷하다,비슷하다,비슷하다,조금 커졌다,매우 커졌다,조금 커졌다,비슷하다
53357141,20231108,F,30대,경기도,700만원 이상,조금 작아졌다,조금 커졌다,매우 작아졌다,매우 작아졌다,조금 작아졌다,비슷하다,비슷하다,조금 작아졌다
53357235,20231108,F,40대,경기도,300이상500만원 미만,조금 커졌다,조금 커졌다,조금 커졌다,조금 커졌다,조금 커졌다,조금 커졌다,조금 커졌다,조금 커졌다
53357248,20231108,M,30대,서울특별시,700만원 이상,비슷하다,비슷하다,조금 커졌다,조금 커졌다,조금 커졌다,조금 커졌다,조금 커졌다,조금 커졌다
53357265,20231108,M,40대,대전광역시,700만원 이상,비슷하다,비슷하다,비슷하다,비슷하다,조금 커졌다,비슷하다,비슷하다,조금 커졌다
53357422,20231108,M,40대,경상북도,700만원 이상,조금 커졌다,조금 커졌다,조금 커졌다,조금 커졌다,조금 커졌다,조금 커졌다,비슷하다,조금 커졌다
53357501,20231108,F,30대,충청남도,300만원 미만,조금 커졌다,조금 커졌다,조금 커졌다,조금 커졌다,매우 커졌다,비슷하다,조금 커졌다,조금 커졌다
53357550,20231108,M,50대,전라남도,300이상500만원 미만,조금 작아졌다,조금 작아졌다,조금 작아졌다,비슷하다,조금 커졌다,조금 커졌다,조금 작아졌다,조금 커졌다
53357641,20231108,F,60대,경기도,300만원 미만,조금 커졌다,조금 커졌다,비슷하다,조금 커졌다,비슷하다,조금 커졌다,조금 커졌다,비슷하다
53357726,20231108,F,20대,경상북도,300만원 미만,조금 커졌다,비슷하다,조금 커졌다,매우 커졌다,매우 커졌다,조금 커졌다,비슷하다,비슷하다
53357737,20231108,F,40대,경상남도,300이상500만원 미만,비슷하다,비슷하다,비슷하다,비슷하다,비슷하다,비슷하다,비슷하다,비슷하다
53357898,20231108,F,50대,전라남도,700만원 이상,비슷하다,비슷하다,비슷하다,조금 커졌다,비슷하다,비슷하다,비슷하다,비슷하다
53357914,20231108,M,30대,경기도,300이상500만원 미만,조금 커졌다,조금 커졌다,조금 커졌다,조금 커졌다,매우 커졌다,조금 커졌다,매우 커졌다,조금 작아졌다
53357950,20231108,M,50대,경기도,700만원 이상,조금 커졌다,비슷하다,조금 커졌다,비슷하다,조금 작아졌다,조금 커졌다,조금 작아졌다,비슷하다
53358001,20231108,F,60대,충청남도,300이상500만원 미만,조금 커졌다,조금 커졌다,조금 커졌다,조금 커졌다,조금 커졌다,조금 커졌다,조금 커졌다,조금 커졌다
53358246,20231108,M,60대,경기도,300만원 미만,비슷하다,비슷하다,비슷하다,비슷하다,조금 커졌다,비슷하다,비슷하다,조금 커졌다
53358272,20231108,F,30대,인천광역시,300만원 미만,조금 작아졌다,비슷하다,조금 작아졌다,비슷하다,비슷하다,비슷하다,비슷하다,비슷하다
53358335,20231108,F,20대,전라남도,300이상500만원 미만,조금 커졌다,매우 커졌다,비슷하다,조금 커졌다,매우 커졌다,매우 커졌다,조금 커졌다,매우 커졌다
53358336,20231108,F,50대,경기도,700만원 이상,비슷하다,비슷하다,비슷하다,조금 커졌다,매우 커졌다,조금 커졌다,조금 작아졌다,비슷하다
53358337,20231108,M,40대,경기도,300만원 미만,비슷하다,비슷하다,비슷하다,비슷하다,비슷하다,비슷하다,비슷하다,비슷하다
53358388,20231108,M,50대,경상남도,500이상700만원 미만,조금 커졌다,조금 커졌다,조금 커졌다,조금 커졌다,조금 커졌다,비슷하다,조금 커졌다,조금 커졌다
53358424,20231108,M,30대,충청남도,700만원 이상,비슷하다,비슷하다,비슷하다,비슷하다,조금 커졌다,조금 커졌다,조금 커졌다,비슷하다
53358504,20231108,F,50대,경기도,700만원 이상,조금 작아졌다,조금 작아졌다,비슷하다,비슷하다,조금 커졌다,비슷하다,조금 커졌다,비슷하다
53358638,20231108,M,60대,경기도,300만원 미만,조금 작아졌다,비슷하다,비슷하다,비슷하다,조금 커졌다,비슷하다,조금 커졌다,비슷하다
53358694,20231108,F,40대,경상남도,300이상500만원 미만,비슷하다,비슷하다,비슷하다,비슷하다,비슷하다,비슷하다,비슷하다,비슷하다
53358713,20231108,M,50대,인천광역시,300이상500만원 미만,비슷하다,비슷하다,비슷하다,비슷하다,비슷하다,비슷하다,비슷하다,비슷하다
53358823,20231108,F,40대,경기도,700만원 이상,비슷하다,비슷하다,조금 작아졌다,조금 작아졌다,조금 커졌다,조금 작아졌다,조금 커졌다,비슷하다
53359040,20231108,F,60대,울산광역시,500이상700만원 미만,비슷하다,비슷하다,비슷하다,비슷하다,비슷하다,비슷하다,비슷하다,비슷하다
53359048,20231108,F,30대,경기도,300만원 미만,비슷하다,비슷하다,비슷하다,조금 커졌다,비슷하다,비슷하다,비슷하다,조금 커졌다
53359075,20231108,M,20대,강원도,500이상700만원 미만,매우 작아졌다,매우 작아졌다,매우 작아졌다,매우 작아졌다,매우 작아졌다,비슷하다,매우 작아졌다,매우 커졌다
53359093,20231108,F,60대,경상남도,300만원 미만,조금 작아졌다,조금 작아졌다,조금 작아졌다,비슷하다,비슷하다,조금 작아졌다,조금 작아졌다,조금 작아졌다
53359509,20231108,F,50대,강원도,500이상700만원 미만,비슷하다,비슷하다,비슷하다,조금 커졌다,조금 커졌다,조금 커졌다,조금 커졌다,조금 커졌다
53359544,20231108,M,60대,경상남도,300만원 미만,비슷하다,비슷하다,비슷하다,비슷하다,조금 작아졌다,조금 커졌다,비슷하다,비슷하다
53359806,20231108,F,60대,부산광역시,300이상500만원 미만,비슷하다,비슷하다,비슷하다,조금 커졌다,조금 커졌다,비슷하다,비슷하다,조금 커졌다
53359825,20231108,M,50대,광주광역시,500이상700만원 미만,비슷하다,비슷하다,비슷하다,비슷하다,비슷하다,비슷하다,비슷하다,비슷하다
53359983,20231108,F,20대,충청남도,300이상500만원 미만,비슷하다,조금 커졌다,비슷하다,비슷하다,매우 커졌다,비슷하다,조금 작아졌다,조금 커졌다
53360139,20231108,M,60대,인천광역시,300만원 미만,조금 작아졌다,매우 작아졌다,조금 커졌다,비슷하다,조금 작아졌다,매우 작아졌다,비슷하다,비슷하다
53360185,20231108,M,40대,인천광역시,300이상500만원 미만,비슷하다,비슷하다,조금 커졌다,조금 커졌다,비슷하다,조금 커졌다,비슷하다,조금 작아졌다
53360273,20231108,M,50대,경기도,700만원 이상,조금 커졌다,비슷하다,비슷하다,매우 커졌다,조금 커졌다,비슷하다,비슷하다,비슷하다
53360280,20231108,M,40대,경기도,500이상700만원 미만,비슷하다,비슷하다,비슷하다,비슷하다,비슷하다,비슷하다,비슷하다,비슷하다
53360346,20231108,M,50대,경기도,300이상500만원 미만,비슷하다,비슷하다,비슷하다,비슷하다,비슷하다,비슷하다,비슷하다,비슷하다
53360396,20231108,M,40대,부산광역시,300이상500만원 미만,조금 커졌다,조금 커졌다,조금 커졌다,조금 커졌다,조금 커졌다,조금 커졌다,조금 커졌다,조금 커졌다
53360430,20231108,F,60대,대전광역시,300이상500만원 미만,조금 커졌다,조금 커졌다,비슷하다,비슷하다,비슷하다,조금 작아졌다,비슷하다,조금 작아졌다
53360440,20231108,F,60대,부산광역시,300만원 미만,비슷하다,조금 커졌다,조금 작아졌다,조금 작아졌다,조금 작아졌다,조금 작아졌다,조금 작아졌다,비슷하다
53360508,20231108,M,30대,경기도,500이상700만원 미만,매우 작아졌다,매우 작아졌다,조금 커졌다,조금 커졌다,매우 커졌다,조금 커졌다,조금 작아졌다,조금 커졌다
53360637,20231108,F,20대,경기도,300이상500만원 미만,조금 커졌다,조금 커졌다,조금 커졌다,조금 커졌다,매우 커졌다,매우 커졌다,조금 커졌다,매우 커졌다
53360912,20231108,M,30대,경상북도,300만원 미만,비슷하다,비슷하다,비슷하다,비슷하다,비슷하다,비슷하다,비슷하다,비슷하다
53360992,20231108,F,40대,경기도,500이상700만원 미만,비슷하다,비슷하다,조금 커졌다,조금 커졌다,매우 커졌다,조금 커졌다,조금 커졌다,조금 커졌다
53361122,20231108,F,20대,경기도,300이상500만원 미만,조금 커졌다,조금 커졌다,비슷하다,비슷하다,매우 커졌다,비슷하다,조금 작아졌다,비슷하다
53361130,20231108,M,60대,대전광역시,300이상500만원 미만,비슷하다,비슷하다,비슷하다,조금 커졌다,조금 커졌다,비슷하다,조금 커졌다,비슷하다
53361229,20231108,F,60대,부산광역시,300만원 미만,조금 작아졌다,조금 작아졌다,조금 작아졌다,비슷하다,조금 커졌다,비슷하다,매우 작아졌다,비슷하다
53361374,20231108,F,20대,광주광역시,500이상700만원 미만,비슷하다,비슷하다,비슷하다,조금 작아졌다,비슷하다,조금 커졌다,조금 작아졌다,비슷하다
53361632,20231108,F,50대,전라남도,300이상500만원 미만,조금 커졌다,비슷하다,조금 작아졌다,조금 커졌다,조금 작아졌다,조금 작아졌다,조금 커졌다,조금 커졌다
53361779,20231108,F,60대,대구광역시,700만원 이상,비슷하다,비슷하다,비슷하다,비슷하다,비슷하다,비슷하다,비슷하다,비슷하다
53361796,20231108,F,40대,충청북도,300이상500만원 미만,조금 커졌다,비슷하다,비슷하다,비슷하다,비슷하다,조금 커졌다,조금 커졌다,비슷하다
53361812,20231108,M,40대,서울특별시,500이상700만원 미만,비슷하다,비슷하다,비슷하다,비슷하다,비슷하다,비슷하다,비슷하다,비슷하다
53361907,20231108,M,40대,경기도,300만원 미만,매우 커졌다,매우 커졌다,비슷하다,조금 커졌다,매우 커졌다,비슷하다,매우 커졌다,비슷하다
53362066,20231108,F,20대,서울특별시,300만원 미만,비슷하다,조금 작아졌다,비슷하다,비슷하다,조금 커졌다,조금 커졌다,조금 커졌다,조금 커졌다
53362173,20231108,F,60대,강원도,300만원 미만,비슷하다,비슷하다,비슷하다,비슷하다,비슷하다,비슷하다,비슷하다,비슷하다
53362490,20231108,F,40대,인천광역시,300만원 미만,조금 작아졌다,조금 작아졌다,조금 작아졌다,비슷하다,조금 작아졌다,비슷하다,비슷하다,비슷하다
53362788,20231108,F,30대,경기도,700만원 이상,조금 커졌다,조금 커졌다,조금 커졌다,비슷하다,조금 커졌다,조금 커졌다,조금 커졌다,조금 커졌다
53362819,20231108,M,50대,인천광역시,300이상500만원 미만,조금 커졌다,조금 작아졌다,조금 커졌다,매우 커졌다,조금 커졌다,비슷하다,조금 작아졌다,조금 작아졌다
53363004,20231108,M,40대,경상남도,500이상700만원 미만,비슷하다,비슷하다,비슷하다,조금 커졌다,비슷하다,조금 작아졌다,조금 커졌다,조금 커졌다
53363058,20231108,M,60대,경상북도,300이상500만원 미만,비슷하다,비슷하다,비슷하다,비슷하다,비슷하다,비슷하다,비슷하다,비슷하다
53363251,20231108,F,50대,서울특별시,700만원 이상,비슷하다,비슷하다,비슷하다,조금 작아졌다,조금 커졌다,비슷하다,비슷하다,비슷하다
53363308,20231108,F,20대,대구광역시,500이상700만원 미만,비슷하다,조금 커졌다,조금 커졌다,비슷하다,조금 커졌다,비슷하다,매우 커졌다,비슷하다
53363336,20231108,F,40대,전라남도,500이상700만원 미만,조금 커졌다,조금 커졌다,조금 커졌다,조금 커졌다,매우 커졌다,조금 커졌다,매우 커졌다,조금 커졌다
53363459,20231108,F,20대,충청북도,700만원 이상,조금 커졌다,조금 커졌다,비슷하다,비슷하다,조금 커졌다,조금 커졌다,조금 커졌다,조금 커졌다
53363462,20231108,M,50대,충청북도,700만원 이상,비슷하다,비슷하다,비슷하다,비슷하다,비슷하다,비슷하다,비슷하다,비슷하다
53363560,20231108,M,40대,제주특별자치도,300만원 미만,비슷하다,비슷하다,조금 커졌다,비슷하다,조금 커졌다,비슷하다,비슷하다,비슷하다
53363684,20231108,F,20대,경기도,300이상500만원 미만,조금 커졌다,조금 작아졌다,비슷하다,매우 커졌다,매우 커졌다,비슷하다,매우 커졌다,매우 작아졌다
53363739,20231108,F,60대,광주광역시,300만원 미만,비슷하다,비슷하다,비슷하다,비슷하다,매우 작아졌다,비슷하다,비슷하다,비슷하다
53363872,20231108,F,30대,경상남도,300만원 미만,비슷하다,조금 커졌다,비슷하다,매우 커졌다,비슷하다,조금 커졌다,매우 커졌다,조금 커졌다
53363909,20231108,M,60대,강원도,300이상500만원 미만,조금 작아졌다,매우 작아졌다,비슷하다,비슷하다,비슷하다,조금 커졌다,매우 작아졌다,매우 작아졌다
53363922,20231108,M,60대,서울특별시,300이상500만원 미만,비슷하다,비슷하다,비슷하다,비슷하다,조금 커졌다,비슷하다,비슷하다,비슷하다
53363955,20231108,F,50대,울산광역시,700만원 이상,매우 커졌다,매우 커졌다,매우 커졌다,매우 커졌다,매우 커졌다,조금 커졌다,조금 커졌다,매우 커졌다
53363966,20231108,F,50대,강원도,무응답,비슷하다,비슷하다,비슷하다,비슷하다,비슷하다,비슷하다,비슷하다,조금 커졌다
53364004,20231108,F,60대,전라북도,700만원 이상,비슷하다,비슷하다,비슷하다,조금 작아졌다,조금 커졌다,비슷하다,조금 커졌다,비슷하다
53364043,20231108,F,60대,전라남도,300만원 미만,비슷하다,비슷하다,비슷하다,조금 커졌다,조금 작아졌다,비슷하다,조금 작아졌다,조금 작아졌다
53364071,20231108,F,60대,경기도,300이상500만원 미만,조금 커졌다,조금 커졌다,조금 작아졌다,조금 작아졌다,비슷하다,비슷하다,비슷하다,비슷하다
53364220,20231108,M,60대,경기도,300만원 미만,조금 작아졌다,조금 작아졌다,비슷하다,비슷하다,조금 커졌다,비슷하다,비슷하다,비슷하다
53364323,20231108,M,40대,세종특별자치시,500이상700만원 미만,매우 커졌다,조금 작아졌다,매우 커졌다,조금 커졌다,매우 커졌다,매우 커졌다,비슷하다,조금 작아졌다
53364372,20231108,F,20대,대전광역시,300만원 미만,조금 커졌다,비슷하다,조금 커졌다,조금 커졌다,조금 커졌다,조금 커졌다,비슷하다,조금 커졌다
53364473,20231108,M,60대,인천광역시,300이상500만원 미만,조금 커졌다,비슷하다,조금 커졌다,조금 커졌다,조금 작아졌다,비슷하다,조금 작아졌다,비슷하다
53364482,20231108,M,40대,충청북도,300이상500만원 미만,비슷하다,비슷하다,비슷하다,비슷하다,비슷하다,비슷하다,비슷하다,비슷하다
53364516,20231108,M,60대,경기도,300이상500만원 미만,비슷하다,비슷하다,조금 작아졌다,조금 커졌다,매우 커졌다,비슷하다,조금 커졌다,비슷하다
53364755,20231108,F,40대,경기도,300이상500만원 미만,조금 커졌다,비슷하다,조금 커졌다,조금 커졌다,비슷하다,조금 커졌다,조금 커졌다,비슷하다
53365143,20231108,M,30대,서울특별시,300만원 미만,조금 커졌다,비슷하다,비슷하다,조금 커졌다,조금 커졌다,비슷하다,비슷하다,비슷하다
53365187,20231108,M,30대,서울특별시,500이상700만원 미만,비슷하다,비슷하다,조금 커졌다,조금 커졌다,조금 커졌다,조금 작아졌다,비슷하다,비슷하다
53365191,20231108,F,20대,서울특별시,무응답,매우 커졌다,매우 커졌다,매우 커졌다,매우 커졌다,조금 커졌다,매우 커졌다,매우 커졌다,조금 커졌다
53365259,20231108,F,20대,부산광역시,무응답,조금 커졌다,조금 작아졌다,조금 작아졌다,조금 작아졌다,조금 커졌다,조금 커졌다,비슷하다,비슷하다
53365312,20231108,M,30대,대전광역시,500이상700만원 미만,조금 커졌다,조금 커졌다,비슷하다,비슷하다,매우 커졌다,조금 커졌다,조금 작아졌다,조금 커졌다
53365558,20231108,F,40대,서울특별시,500이상700만원 미만,조금 커졌다,조금 커졌다,비슷하다,비슷하다,매우 커졌다,비슷하다,조금 커졌다,매우 커졌다
53365581,20231108,F,50대,인천광역시,500이상700만원 미만,조금 커졌다,조금 커졌다,조금 커졌다,비슷하다,조금 커졌다,조금 커졌다,비슷하다,비슷하다
53365633,20231108,M,40대,경기도,500이상700만원 미만,조금 커졌다,조금 커졌다,조금 커졌다,조금 커졌다,조금 커졌다,조금 커졌다,조금 커졌다,조금 작아졌다
53365809,20231108,F,40대,충청남도,500이상700만원 미만,비슷하다,조금 작아졌다,조금 커졌다,조금 커졌다,매우 커졌다,조금 커졌다,비슷하다,조금 커졌다
53365906,20231108,M,50대,부산광역시,500이상700만원 미만,비슷하다,비슷하다,비슷하다,조금 커졌다,조금 커졌다,비슷하다,조금 커졌다,비슷하다
53365908,20231108,F,60대,충청남도,700만원 이상,비슷하다,비슷하다,비슷하다,비슷하다,비슷하다,비슷하다,비슷하다,비슷하다
53365974,20231108,F,20대,경기도,300만원 미만,조금 커졌다,조금 커졌다,비슷하다,비슷하다,조금 커졌다,조금 커졌다,조금 커졌다,비슷하다
53366332,20231108,M,60대,서울특별시,700만원 이상,비슷하다,비슷하다,비슷하다,비슷하다,비슷하다,비슷하다,비슷하다,조금 작아졌다
53366384,20231108,M,50대,강원도,300이상500만원 미만,조금 작아졌다,조금 작아졌다,비슷하다,조금 커졌다,비슷하다,조금 커졌다,조금 작아졌다,조금 작아졌다
53366445,20231108,F,20대,인천광역시,300만원 미만,조금 작아졌다,조금 작아졌다,조금 작아졌다,조금 작아졌다,비슷하다,조금 작아졌다,조금 커졌다,비슷하다
53366625,20231108,F,50대,경기도,300만원 미만,비슷하다,비슷하다,조금 작아졌다,비슷하다,조금 작아졌다,비슷하다,비슷하다,비슷하다
53366866,20231108,M,40대,광주광역시,500이상700만원 미만,비슷하다,조금 커졌다,조금 커졌다,조금 커졌다,조금 커졌다,조금 커졌다,조금 커졌다,조금 커졌다
53367041,20231108,M,50대,전라남도,700만원 이상,조금 커졌다,비슷하다,조금 커졌다,조금 커졌다,조금 커졌다,비슷하다,비슷하다,비슷하다
53367043,20231108,F,40대,경상남도,500이상700만원 미만,비슷하다,비슷하다,비슷하다,비슷하다,조금 커졌다,비슷하다,비슷하다,비슷하다
53367289,20231108,F,60대,인천광역시,300이상500만원 미만,비슷하다,비슷하다,비슷하다,비슷하다,비슷하다,비슷하다,비슷하다,비슷하다
53367393,20231108,M,60대,경기도,700만원 이상,비슷하다,비슷하다,조금 커졌다,매우 커졌다,조금 커졌다,조금 커졌다,비슷하다,비슷하다
53367638,20231108,M,50대,전라남도,무응답,비슷하다,비슷하다,비슷하다,비슷하다,비슷하다,비슷하다,비슷하다,비슷하다
53368001,20231108,M,40대,부산광역시,500이상700만원 미만,조금 작아졌다,조금 작아졌다,조금 작아졌다,비슷하다,조금 작아졌다,비슷하다,조금 작아졌다,매우 작아졌다
53368045,20231108,M,60대,충청남도,300이상500만원 미만,비슷하다,비슷하다,비슷하다,비슷하다,조금 작아졌다,비슷하다,조금 작아졌다,조금 커졌다
53368138,20231108,M,60대,강원도,무응답,매우 작아졌다,매우 작아졌다,조금 작아졌다,비슷하다,비슷하다,비슷하다,비슷하다,비슷하다
53368639,20231108,M,60대,울산광역시,300만원 미만,조금 작아졌다,조금 작아졌다,조금 작아졌다,비슷하다,매우 커졌다,조금 커졌다,비슷하다,조금 작아졌다
53368715,20231108,F,50대,울산광역시,300만원 미만,비슷하다,매우 작아졌다,조금 작아졌다,비슷하다,비슷하다,비슷하다,비슷하다,조금 작아졌다
53368738,20231108,M,40대,서울특별시,300만원 미만,비슷하다,조금 작아졌다,조금 커졌다,조금 커졌다,비슷하다,조금 커졌다,비슷하다,조금 커졌다
53368778,20231108,M,30대,광주광역시,300이상500만원 미만,조금 커졌다,조금 커졌다,조금 작아졌다,조금 작아졌다,비슷하다,조금 커졌다,비슷하다,비슷하다
53368868,20231108,F,20대,충청북도,300만원 미만,조금 커졌다,조금 커졌다,조금 커졌다,조금 커졌다,조금 커졌다,조금 커졌다,조금 커졌다,매우 작아졌다
53368923,20231108,F,60대,서울특별시,300이상500만원 미만,조금 작아졌다,조금 작아졌다,비슷하다,비슷하다,비슷하다,비슷하다,비슷하다,비슷하다
53368962,20231108,F,20대,서울특별시,700만원 이상,조금 작아졌다,매우 작아졌다,비슷하다,조금 커졌다,조금 커졌다,조금 작아졌다,비슷하다,비슷하다
53369089,20231108,M,30대,서울특별시,700만원 이상,비슷하다,비슷하다,비슷하다,매우 커졌다,조금 커졌다,비슷하다,비슷하다,비슷하다
53369243,20231108,M,60대,경상북도,300이상500만원 미만,조금 커졌다,조금 커졌다,조금 커졌다,조금 커졌다,조금 커졌다,조금 커졌다,조금 커졌다,조금 커졌다
53369442,20231108,M,50대,서울특별시,300만원 미만,비슷하다,비슷하다,조금 커졌다,비슷하다,비슷하다,조금 커졌다,비슷하다,비슷하다
53369482,20231108,F,60대,울산광역시,700만원 이상,비슷하다,비슷하다,조금 커졌다,조금 커졌다,조금 커졌다,비슷하다,비슷하다,조금 커졌다
53369521,20231108,F,60대,대전광역시,300만원 미만,비슷하다,비슷하다,비슷하다,비슷하다,비슷하다,비슷하다,비슷하다,비슷하다
53369610,20231108,M,50대,경기도,300이상500만원 미만,매우 작아졌다,매우 작아졌다,매우 작아졌다,매우 작아졌다,매우 작아졌다,매우 작아졌다,매우 작아졌다,매우 작아졌다
53369705,20231108,F,40대,서울특별시,700만원 이상,조금 커졌다,비슷하다,비슷하다,조금 커졌다,조금 커졌다,조금 커졌다,조금 커졌다,비슷하다
53370086,20231108,F,20대,경기도,무응답,비슷하다,비슷하다,비슷하다,비슷하다,비슷하다,비슷하다,비슷하다,비슷하다
53370601,20231108,M,40대,전라남도,300이상500만원 미만,비슷하다,비슷하다,비슷하다,비슷하다,비슷하다,비슷하다,비슷하다,비슷하다
53370856,20231108,M,50대,대구광역시,300이상500만원 미만,조금 커졌다,비슷하다,비슷하다,조금 커졌다,매우 커졌다,조금 커졌다,조금 커졌다,비슷하다
53370972,20231108,F,40대,대구광역시,300이상500만원 미만,매우 작아졌다,비슷하다,매우 작아졌다,조금 커졌다,조금 커졌다,조금 커졌다,조금 커졌다,비슷하다
53371182,20231108,F,40대,인천광역시,300이상500만원 미만,조금 작아졌다,조금 작아졌다,조금 작아졌다,조금 작아졌다,비슷하다,비슷하다,비슷하다,비슷하다
53371185,20231108,M,60대,경상북도,300이상500만원 미만,조금 커졌다,비슷하다,비슷하다,조금 커졌다,조금 커졌다,비슷하다,조금 커졌다,비슷하다
53371309,20231108,M,50대,경기도,700만원 이상,비슷하다,비슷하다,비슷하다,비슷하다,비슷하다,비슷하다,비슷하다,비슷하다
53371439,20231108,F,20대,인천광역시,무응답,비슷하다,매우 커졌다,비슷하다,조금 커졌다,조금 커졌다,조금 커졌다,매우 커졌다,조금 커졌다
53371716,20231108,F,20대,서울특별시,무응답,비슷하다,비슷하다,비슷하다,비슷하다,조금 커졌다,비슷하다,조금 커졌다,비슷하다
53371730,20231108,M,20대,경상남도,300이상500만원 미만,조금 작아졌다,비슷하다,비슷하다,비슷하다,비슷하다,비슷하다,비슷하다,비슷하다
53372104,20231108,F,50대,서울특별시,300이상500만원 미만,비슷하다,비슷하다,비슷하다,조금 커졌다,비슷하다,비슷하다,조금 커졌다,비슷하다
53372196,20231108,M,60대,대전광역시,500이상700만원 미만,비슷하다,비슷하다,비슷하다,비슷하다,조금 커졌다,조금 커졌다,조금 작아졌다,조금 커졌다
53372400,20231108,M,40대,대구광역시,300이상500만원 미만,조금 작아졌다,조금 작아졌다,조금 작아졌다,조금 작아졌다,비슷하다,비슷하다,조금 작아졌다,비슷하다
53372536,20231108,M,40대,서울특별시,300만원 미만,비슷하다,비슷하다,비슷하다,비슷하다,조금 작아졌다,조금 작아졌다,비슷하다,비슷하다
53372716,20231108,F,30대,서울특별시,300만원 미만,조금 작아졌다,조금 작아졌다,조금 작아졌다,조금 작아졌다,조금 커졌다,조금 커졌다,조금 작아졌다,비슷하다
53372877,20231108,F,40대,경기도,300만원 미만,조금 작아졌다,조금 작아졌다,조금 작아졌다,조금 작아졌다,비슷하다,비슷하다,비슷하다,비슷하다
53373135,20231108,M,30대,인천광역시,300만원 미만,비슷하다,비슷하다,비슷하다,비슷하다,비슷하다,조금 작아졌다,조금 커졌다,조금 작아졌다
53373659,20231108,F,40대,대구광역시,300이상500만원 미만,비슷하다,비슷하다,비슷하다,조금 커졌다,비슷하다,비슷하다,비슷하다,비슷하다
53373997,20231108,M,40대,인천광역시,300만원 미만,조금 커졌다,비슷하다,비슷하다,조금 커졌다,비슷하다,비슷하다,비슷하다,비슷하다
53374223,20231108,M,50대,경기도,700만원 이상,비슷하다,비슷하다,비슷하다,조금 커졌다,조금 커졌다,조금 커졌다,비슷하다,비슷하다
53374400,20231108,M,40대,경기도,500이상700만원 미만,비슷하다,조금 작아졌다,조금 작아졌다,비슷하다,비슷하다,비슷하다,조금 커졌다,조금 작아졌다
53374461,20231108,F,40대,서울특별시,300만원 미만,비슷하다,비슷하다,비슷하다,비슷하다,비슷하다,비슷하다,비슷하다,비슷하다
53374469,20231108,M,50대,대전광역시,300이상500만원 미만,비슷하다,조금 커졌다,조금 작아졌다,비슷하다,조금 커졌다,비슷하다,매우 커졌다,비슷하다
53374490,20231108,M,50대,인천광역시,700만원 이상,비슷하다,비슷하다,비슷하다,조금 커졌다,조금 커졌다,조금 커졌다,비슷하다,조금 커졌다
53374655,20231108,M,40대,제주특별자치도,300만원 미만,비슷하다,조금 커졌다,비슷하다,비슷하다,조금 커졌다,조금 커졌다,조금 커졌다,조금 커졌다
53374768,20231108,F,40대,경기도,500이상700만원 미만,비슷하다,비슷하다,비슷하다,비슷하다,조금 커졌다,비슷하다,비슷하다,비슷하다
53374826,20231108,F,60대,경상남도,300만원 미만,조금 커졌다,조금 커졌다,조금 커졌다,조금 커졌다,매우 커졌다,비슷하다,매우 커졌다,비슷하다
53374950,20231108,F,20대,대구광역시,300이상500만원 미만,조금 커졌다,조금 커졌다,조금 작아졌다,조금 커졌다,매우 커졌다,조금 작아졌다,조금 커졌다,매우 작아졌다
53374992,20231108,M,60대,울산광역시,300이상500만원 미만,조금 작아졌다,조금 작아졌다,매우 작아졌다,조금 작아졌다,매우 작아졌다,매우 작아졌다,매우 작아졌다,비슷하다
53375300,20231108,F,60대,서울특별시,700만원 이상,비슷하다,비슷하다,비슷하다,조금 커졌다,조금 커졌다,조금 커졌다,비슷하다,조금 커졌다
53375373,20231108,M,40대,서울특별시,500이상700만원 미만,매우 작아졌다,매우 작아졌다,비슷하다,조금 커졌다,비슷하다,매우 작아졌다,매우 작아졌다,비슷하다
53375480,20231108,F,60대,서울특별시,300만원 미만,조금 커졌다,조금 커졌다,비슷하다,비슷하다,조금 커졌다,비슷하다,비슷하다,조금 작아졌다
53375680,20231108,M,50대,부산광역시,300이상500만원 미만,비슷하다,비슷하다,비슷하다,비슷하다,조금 커졌다,조금 커졌다,조금 작아졌다,비슷하다
53375907,20231108,F,40대,경상북도,300만원 미만,비슷하다,비슷하다,비슷하다,비슷하다,비슷하다,비슷하다,비슷하다,비슷하다
53375909,20231108,F,60대,경기도,300만원 미만,조금 작아졌다,조금 작아졌다,비슷하다,비슷하다,비슷하다,비슷하다,조금 작아졌다,비슷하다
53376015,20231108,M,40대,경기도,300이상500만원 미만,비슷하다,비슷하다,비슷하다,비슷하다,비슷하다,비슷하다,비슷하다,비슷하다
53376152,20231108,F,30대,서울특별시,700만원 이상,비슷하다,비슷하다,비슷하다,비슷하다,비슷하다,비슷하다,비슷하다,비슷하다
53376177,20231108,M,40대,대구광역시,300만원 미만,비슷하다,비슷하다,비슷하다,비슷하다,비슷하다,비슷하다,비슷하다,비슷하다
53376305,20231108,F,40대,경상남도,300이상500만원 미만,조금 커졌다,비슷하다,비슷하다,비슷하다,매우 커졌다,비슷하다,비슷하다,비슷하다
53376313,20231108,F,60대,경기도,300만원 미만,비슷하다,비슷하다,비슷하다,비슷하다,조금 커졌다,비슷하다,비슷하다,비슷하다
53376349,20231108,M,20대,인천광역시,300이상500만원 미만,비슷하다,비슷하다,비슷하다,비슷하다,조금 커졌다,조금 커졌다,조금 커졌다,비슷하다
53376368,20231108,M,30대,서울특별시,700만원 이상,비슷하다,비슷하다,비슷하다,조금 커졌다,조금 커졌다,비슷하다,비슷하다,조금 커졌다
53376421,20231108,F,60대,경기도,700만원 이상,조금 커졌다,비슷하다,비슷하다,조금 커졌다,조금 작아졌다,조금 작아졌다,조금 커졌다,조금 커졌다
53376869,20231108,F,20대,부산광역시,500이상700만원 미만,비슷하다,비슷하다,조금 작아졌다,비슷하다,조금 커졌다,비슷하다,조금 커졌다,비슷하다
53377293,20231108,M,50대,인천광역시,700만원 이상,비슷하다,비슷하다,비슷하다,비슷하다,비슷하다,비슷하다,비슷하다,비슷하다
53377429,20231108,M,60대,인천광역시,300이상500만원 미만,조금 커졌다,조금 작아졌다,비슷하다,비슷하다,매우 커졌다,조금 커졌다,비슷하다,조금 커졌다
53377478,20231108,F,60대,경기도,700만원 이상,비슷하다,비슷하다,비슷하다,비슷하다,비슷하다,비슷하다,비슷하다,비슷하다
